ID,Site,Depth,Replicate,Core,Date,OM,d15N,Nitrogen,d13C,Carbon,C_N,Lambda,Sigma8,Lignin_S,Lignin_V,Lignin_C,Lignin_P,Lignin_S_V,Lignin_C_V,Lignin_P_V_S,Lignin_Bd_V,Lignin_AcAd_s,Lignin_AcAd_v
300_001,AQUE,10,1,B,2015-12-16,2.54,1.53,0.055,-23.1,0.45,8.18,0.53,0.24,0.35,0.16,0.01,0.13,2.14,0.09,0.25,0.45,0.3,0.4
300_002,AQUE,10,1,T,2015-12-16,1.18,0.98,0.052,-22.79,0.39,7.5,0.46,0.18,0.34,0.11,0.01,0.12,2.94,0.09,0.27,0.32,0.29,0.35
300_003,AQUE,10,2,B,2015-12-16,1.63,1.71,0.065,-24.54,0.97,14.92,0.2,0.19,0.14,0.05,0,0.05,2.62,0.06,0.26,0.33,0.3,0.2
300_004,AQUE,10,2,T,2015-12-16,1.19,0.85,0.055,-23.45,0.45,8.18,0.31,0.14,0.19,0.11,0.01,0.08,1.68,0.07,0.26,0.31,0.33,0.35
300_005,AQUE,20,1,B,2015-12-16,2.1,2.45,0.065,-23.45,0.69,10.62,1.39,0.96,0.96,0.4,0.03,0.25,2.4,0.07,0.19,0.2,0.06,0.2
300_006,AQUE,20,1,T,2015-12-16,1.47,1.89,0.06,-23.9,0.53,8.83,0.84,0.45,0.6,0.2,0.03,0.13,2.96,0.16,0.16,0.37,0.24,0.14
300_007,AQUE,20,2,B,2015-12-16,1.72,1.9,0.074,-23.34,0.73,9.86,1.11,0.81,0.73,0.32,0.06,0.15,2.31,0.19,0.14,0.26,0.1,0.14
300_008,AQUE,20,2,T,2015-12-16,2.31,2.52,0.069,-23.52,0.67,9.71,1.29,0.86,0.83,0.39,0.06,0.16,2.12,0.16,0.13,0.22,0.19,0.16
300_009,IVEE,20,1,B,2015-12-16,1.72,1.67,0.055,-23.33,1.06,19.27,0.15,0.16,0.11,0.04,0,0.02,2.77,0.08,0.11,0.18,0.27,0.19
300_010,IVEE,20,1,T,2015-12-16,1.32,1.77,0.057,-22.45,0.43,7.54,0.47,0.2,0.34,0.11,0.01,0.11,3.03,0.13,0.23,0.34,0.24,0.48
300_011,IVEE,20,2,B,2015-12-16,1.06,0.79,0.041,-22.85,0.39,9.51,0.26,0.1,0.17,0.09,0.01,0.08,1.98,0.1,0.32,0.32,0.35,0.36
300_012,IVEE,20,2,T,2015-12-16,1.24,3.03,0.064,-22.84,0.48,7.5,0.58,0.28,0.4,0.17,0.01,0.11,2.39,0.09,0.19,0.19,0.2,0.31
300_013,IVEE,10,1,B,2015-12-16,2.84,5.38,0.119,-21.49,1.36,11.43,0.08,0.1,0.06,0.02,0,0.13,3.26,0.23,1.84,0.62,0.31,0.27
300_014,IVEE,10,1,T,2015-12-16,1.16,0.69,0.081,-21.83,0.45,5.56,0.13,0.06,0.09,0.04,0,0.1,2.29,0.09,0.75,1.1,0.28,0.31
300_015,IVEE,10,2,B,2015-12-16,0.9,1.64,0.063,-21.63,0.33,5.24,0.04,0.01,0.03,0.01,0,0.08,2.81,0.25,2.17,2.74,0.35,0.58
300_016,IVEE,10,2,T,2015-12-16,1.37,2.21,0.072,-21.87,0.48,6.67,0.09,0.04,0.06,0.03,0,0.1,2.45,0.14,1.11,1.79,0.27,0.41
300_017,AHND,10,1,B,2015-12-16,2.25,0.99,0.05,-23.46,0.45,9,1.21,0.54,0.89,0.24,0.07,0.23,3.68,0.28,0.2,0.53,0.24,0.13
300_018,AHND,10,1,T,2015-12-16,1,-1.38,0.039,-21.88,0.21,5.38,0.31,0.06,0.23,0.06,0.02,0.15,3.74,0.35,0.51,0.92,0.03,0.07
300_019,AHND,10,2,B,2015-12-16,2.14,1.05,0.057,-24.38,0.64,11.23,1.4,0.9,0.93,0.37,0.1,0.26,2.5,0.27,0.2,0.55,0.21,0.2
300_020,AHND,20,1,B,2015-12-16,1.4,2.9,0.057,-22.71,0.42,7.37,0.84,0.35,0.59,0.2,0.05,0.2,2.91,0.26,0.26,0.4,0.09,0.14
300_021,AHND,10,2,T,2015-12-16,1.68,0.21,0.049,-23.99,0.6,12.24,1.73,1.04,0.75,0.89,0.09,0.23,0.84,0.1,0.14,0.09,0.19,0.11
300_022,AHND,20,1,T,2015-12-16,1.5,2.72,0.066,-23.1,0.59,8.94,1.08,0.64,0.8,0.23,0.05,0.13,3.51,0.21,0.12,0.33,0.24,0.12
300_023,AHND,20,2,B,2015-12-16,1.78,3.33,0.058,-22.7,0.4,6.9,0.87,0.35,0.56,0.26,0.05,0.18,2.12,0.17,0.22,0.37,0.19,0.15
300_024,AHND,20,2,T,2015-12-16,1.58,2.69,0.061,-23.16,0.48,7.87,1.06,0.51,0.75,0.27,0.04,0.16,2.76,0.16,0.15,0.27,0.15,0.24
300_025,REFU,20,1,B,2015-12-16,2.59,4.52,0.092,-23.82,0.95,10.33,1.14,1.08,0.79,0.32,0.02,0.14,2.5,0.08,0.13,0.21,0.09,0.22
300_026,REFU,20,1,T,2015-12-16,1.73,-1.17,0.068,-23.25,0.51,7.5,2.46,1.25,1.67,0.75,0.05,0.29,2.23,0.06,0.12,0.12,0.23,0.27
300_027,REFU,20,2,B,2015-12-16,1.4,1.71,0.069,-24.66,0.92,13.33,0.96,0.88,0.66,0.27,0.03,0.14,2.46,0.11,0.15,0.27,0.2,0.16
300_028,REFU,20,2,T,2015-12-16,2.02,2.6,0.065,-23.44,0.64,9.85,1.84,1.18,1.18,0.61,0.05,0.27,1.94,0.09,0.15,0.22,0.33,0.32
300_029,REFU,10,1,B,2015-12-16,0.82,-2.45,0.036,-22.86,0.21,5.83,0.39,0.08,0.28,0.1,0.01,0.12,2.88,0.15,0.31,0.68,0.3,0.42
300_030,REFU,10,1,T,2015-12-16,0.81,-0.07,0.036,-22.39,0.22,6.11,0.52,0.11,0.28,0.17,0.07,0.26,1.61,0.38,0.57,0.4,1.03,1.04
300_031,REFU,10,2,B,2015-12-16,1.21,-4.72,0.041,-22.74,0.24,5.85,0.36,0.09,0.26,0.08,0.01,0.09,3.12,0.07,0.26,0.54,0.26,0.35
300_032,REFU,10,2,T,2015-12-16,1.92,2.74,0.06,-22.55,0.54,9,0.66,0.36,0.49,0.16,0.02,0.13,3.05,0.09,0.2,0.29,0.24,0.32
300_033,MOHK,20,1,T,2015-12-17,1.29,2.28,0.054,-22.77,0.49,9.07,0.54,0.26,0.34,0.17,0.02,0.16,1.95,0.14,0.31,0.48,0.29,0.32
300_034,MOHK,20,1,B,2015-12-17,1.55,2.18,0.055,-22.92,0.54,9.82,0.75,0.41,0.48,0.26,0.02,0.12,1.86,0.06,0.17,0.2,0.26,0.27
300_035,MOHK,20,2,T,2015-12-17,1.61,1.89,0.052,-23.14,0.48,9.23,0.46,0.22,0.32,0.12,0.02,0.12,2.69,0.18,0.28,0.56,0.02,0.31
300_036,MOHK,20,2,B,2015-12-17,1.96,2.71,0.049,-22.27,0.49,10,0.69,0.34,0.47,0.16,0.05,0.23,2.89,0.33,0.37,0.62,0.5,0.57
300_037,MOHK,10,1,T,2015-12-17,0.72,-1.45,0.038,-22.3,0.16,4.21,0.19,0.03,0.11,0.06,0.02,0.13,1.88,0.3,0.79,0.67,0.22,0.36
300_038,MOHK,10,1,B,2015-12-17,0.93,-0.5,0.037,-22.09,0.21,5.68,0.14,0.03,0.1,0.03,0,0.09,3.16,0.11,0.65,1.09,0.12,0.19
300_039,MOHK,10,2,T,2015-12-17,0.78,-0.48,0.039,-21.96,0.21,5.38,0.14,0.03,0.11,0.03,0,0.07,3.5,0,0.48,0.94,0,0.2
300_040,MOHK,10,2,B,2015-12-17,0.94,-0.71,0.037,-22.05,0.25,6.76,0.1,0.03,0.09,0.01,0,0.06,6.34,0.01,0.6,1.53,0,0.59
300_041,ABUR,20,1,B,2015-12-17,1.89,4.26,0.064,-23.63,0.68,10.63,2.02,1.38,1.34,0.59,0.09,0.29,2.28,0.15,0.15,0.27,0.23,0.23
300_042,ABUR,20,1,T,2015-12-17,2.28,3.25,0.079,-23.36,0.94,11.9,1.03,0.97,0.72,0.28,0.03,0.17,2.55,0.09,0.16,0.24,0.21,0.2
300_043,ABUR,20,2,B,2015-12-17,2.41,4.49,0.081,-23.74,0.94,11.6,1.88,1.76,1.23,0.55,0.1,0.19,2.24,0.19,0.11,0.22,0.17,0.13
300_044,ABUR,20,2,T,2015-12-17,1.85,3.76,0.064,-23.51,0.67,10.47,1.96,1.31,1.39,0.53,0.05,0.2,2.63,0.09,0.11,0.15,0.15,0.21
300_045,ABUR,10,1,B,2015-12-17,1.84,0.24,0.045,-23.1,0.43,9.56,0.67,0.29,0.46,0.18,0.03,0.1,2.61,0.15,0.16,0.23,0.17,0.18
300_046,ABUR,10,1,T,2015-12-17,1.24,1.18,0.044,-22.84,0.35,7.95,0.23,0.08,0.15,0.07,0.01,0.1,2.25,0.11,0.45,0.62,0.19,0.29
300_047,ABUR,10,2,B,2015-12-17,1.51,0,0.047,-22.9,0.46,9.79,2,0.92,1.62,0.36,0.02,0.09,4.5,0.06,0.05,0.12,0.18,0.12
300_048,ABUR,10,2,T,2015-12-17,1.82,0.65,0.049,-22.71,0.59,12.04,0.26,0.15,0.21,0.05,0,0.05,4.11,0.07,0.2,0.44,0.11,0.21
300_049,GOLB,20,1,B,2015-12-17,1.15,0.84,0.06,-23.86,0.42,7,0.67,0.28,0.44,0.21,0.02,0.12,2.15,0.1,0.18,0.2,0.25,0.18
300_050,GOLB,20,1,T,2015-12-17,1.16,1.78,0.07,-23.29,0.36,5.14,0.54,0.19,0.37,0.17,0,0.12,2.18,0.02,0.22,0.19,0.11,0.16
300_051,GOLB,20,2,B,2015-12-17,1.16,2.25,0.06,-24.02,0.4,6.67,1.03,0.41,0.71,0.31,0.02,0.15,2.31,0.06,0.14,0.11,0.09,0.19
300_052,GOLB,20,2,T,2015-12-17,1.19,1.83,0.06,-24.17,0.36,6,0.66,0.24,0.47,0.18,0.02,0.11,2.57,0.1,0.16,0.31,0.24,0.14
300_053,GOLB,10,1,B,2015-12-17,0.76,0.94,0.032,-22.63,0.21,6.56,0.35,0.07,0.22,0.12,0.02,0.12,1.87,0.13,0.36,0.31,0.25,0.24
300_054,GOLB,10,1,T,2015-12-17,0.67,-1.07,0.032,-22.28,0.18,5.63,0.15,0.03,0.11,0.04,0.01,0.1,2.69,0.15,0.65,0.82,0.42,0.32
300_055,GOLB,10,2,B,2015-12-17,0.86,-0.27,0.038,-23.03,0.32,8.42,0.52,0.16,0.36,0.15,0.01,0.11,2.38,0.05,0.22,0.2,0.26,0.26
300_056,GOLB,10,2,T,2015-12-17,0.78,0.56,0.035,-22.31,0.22,6.29,0.34,0.07,0.22,0.11,0.01,0.1,1.93,0.09,0.31,0.24,0.28,0.18
300_057,MICR,20,1,T,2015-12-17,1.43,2.04,0.08,-23.61,0.55,6.88,0.67,0.37,0.48,0.17,0.01,0.11,2.79,0.07,0.17,0.21,0.14,0.2
300_058,MICR,20,1,B,2015-12-17,1.79,3.54,0.06,-23.24,0.59,9.83,0.74,0.44,0.5,0.22,0.02,0.14,2.33,0.11,0.2,0.23,0.12,0.22
300_059,MICR,20,2,T,2015-12-17,1.85,1.76,0.07,-23.06,0.52,7.43,0.58,0.3,0.41,0.16,0.01,0.11,2.55,0.08,0.2,0.24,0.09,0.19
300_060,MICR,20,2,B,2015-12-17,1.61,1.49,0.08,-23.11,0.54,6.75,0.77,0.42,0.51,0.24,0.02,0.16,2.07,0.08,0.21,0.24,0.1,0.25
300_061,MICR,10,1,T,2015-12-17,1,2.1,0.06,-24.74,0.46,7.67,1.37,0.63,0.87,0.47,0.03,0.18,1.85,0.06,0.14,0.11,0.13,0.2
300_062,MICR,10,1,B,2015-12-17,1.87,1.43,0.08,-24.53,0.84,10.5,0.92,0.77,0.57,0.33,0.02,0.12,1.76,0.06,0.13,0.11,0.14,0.19
300_063,MICR,10,2,T,2015-12-17,1.1,-0.62,0.06,-24.45,0.55,9.17,1.76,0.97,1.15,0.58,0.03,0.25,1.97,0.04,0.14,0.18,0.11,0.22
300_064,MICR,10,2,B,2015-12-17,5.14,2.18,0.14,-25.57,2.42,17.29,1.99,4.81,1.26,0.66,0.07,0.28,1.91,0.11,0.15,0.24,0.23,0.22
100_065,ABUR,,,,2016-01-31,10.18,3.73,0.36,-25.85,3.06,8.5,1.23,3.77,0.72,0.41,0.1,0.4,1.73,0.25,0.36,0.18,0.09,0.42
100_066,AHND,,,,2016-01-31,34.41,-0.15,1.26,-28.89,15.59,12.37,2.34,36.53,1.34,0.72,0.28,0.7,1.86,0.39,0.34,0.16,0.14,0.25
100_067,ATMY,,,,2016-01-31,8.51,2.26,0.35,-26.35,3.22,9.2,2.16,6.95,1.24,0.78,0.14,0.57,1.58,0.17,0.28,0.13,0.16,0.61
100_068,BC02,,,,2016-01-31,7.91,3.6,0.32,-25.71,2.43,7.59,1,2.43,0.6,0.34,0.06,0.3,1.77,0.19,0.32,0.12,0.17,0.35
100_069,GATE,,,,2016-01-31,7.2,1.26,0.27,-26.08,1.96,7.26,1.81,3.54,1.17,0.53,0.11,0.45,2.21,0.21,0.26,0.2,0.16,0.38
100_070,MICR,,,,2016-01-31,13.21,3.76,0.43,-26.33,3.92,9.12,1.54,6.05,0.85,0.57,0.13,0.42,1.5,0.22,0.3,0.15,0.17,0.63
100_071,REFU,,,,2016-01-31,23.13,5.49,0.49,-25.36,6.29,12.84,0.75,4.69,0.42,0.28,0.05,0.22,1.5,0.16,0.31,0.16,0.26,0.74
100_072,SPLV,,,,2016-01-31,7.84,0.62,0.29,-26.64,2.43,8.38,1.3,3.17,0.77,0.43,0.1,0.33,1.78,0.22,0.28,0.21,0.17,0.68
100_073,ABUR,,,,2016-03-06,6.04,4.73,0.45,-26.57,3.84,8.53,1.96,7.52,1.11,0.65,0.2,0.62,1.69,0.3,0.35,0.12,0.12,0.64
100_074,ATMY,,,,2016-03-06,6.04,1.7,0.26,-26.53,2.18,8.38,1.15,2.5,0.67,0.38,0.1,0.32,1.77,0.25,0.3,0.18,0.18,0.76
100_075,BC02,,,,2016-03-06,5.95,2.23,0.26,-25.97,1.85,7.12,1.41,2.61,1.08,0.29,0.04,0.23,3.73,0.13,0.17,0.18,0.37,0.52
100_076,GATE,,,,2016-03-06,9.68,2.34,0.35,-26.62,2.99,8.54,2.05,6.14,1.6,0.39,0.07,0.31,4.13,0.18,0.16,0.23,0.28,0.39
100_077,GV01,,,,2016-03-06,3.89,-2.04,0.15,-27.07,0.78,5.2,0.56,0.43,0.38,0.16,0.01,0.13,2.4,0.09,0.24,0.28,0.34,0.43
100_078,MICR,,,,2016-03-06,11.33,1.08,0.44,-27.12,4.41,10.02,3.19,14.09,2.38,0.62,0.2,0.47,3.87,0.32,0.16,0.17,0.2,0.25
100_079,REFU,,,,2016-03-06,16.93,1.74,0.61,-26.36,4.24,6.95,1.81,7.69,1.44,0.33,0.05,0.34,4.36,0.15,0.19,0.19,0.33,0.48
100_080,SPLV,,,,2016-03-06,9.94,0.84,0.31,-26.3,2.77,8.94,1.84,5.1,1.37,0.39,0.09,0.33,3.54,0.23,0.19,0.21,0.27,0.36
200_081,GOSL,,1,B,2016-04-26,1.24,-1.61,0.04,-24.53,0.31,7.75,0.26,0.08,0.18,0.08,0.01,0.09,2.3,0.13,0.34,0.45,0.25,0.29
200_082,GOSL,,1,T,2016-04-26,1.16,-2.1,0.05,-23.37,0.3,6,0.34,0.1,0.22,0.1,0.01,0.12,2.23,0.14,0.38,0.34,0.24,0.28
200_083,GOSL,,2,T,2016-04-26,2.75,3.26,0.12,-23.74,1.76,14.67,2.88,5.06,2.35,0.44,0.09,0.22,5.38,0.22,0.08,0.08,0.18,0.21
200_084,GOSL,,2,B,2016-04-26,2.48,3.7,0.09,-24.78,1.15,12.78,2.39,2.75,1.61,0.68,0.1,0.38,2.39,0.15,0.17,0.08,0.23,0.19
200_085,GOSL,,3,T,2016-04-26,4.19,3.26,0.14,-25.55,1.4,10,3.42,4.79,2.4,0.78,0.25,0.58,3.07,0.32,0.18,0.08,0.19,0.2
200_086,GOSL,,3,B,2016-04-26,3.26,3.18,0.14,-25.1,1.35,9.64,2.42,3.27,1.72,0.6,0.1,0.36,2.88,0.18,0.16,0.17,0.23,0.25
200_087,GOSL,,4,T,2016-04-26,2.86,2.54,0.13,-26.44,1.38,10.62,2.53,3.5,1.86,0.59,0.08,0.33,3.17,0.14,0.13,0.21,0.24,0.22
200_088,GOSL,,4,B,2016-04-26,4.4,0.4,0.14,-27.01,2.06,14.71,2.42,4.98,1.59,0.72,0.11,0.44,2.21,0.15,0.19,0.28,0.26,0.28
200_089,ABUR E,,1,T,2016-04-27,1.59,-0.71,0.05,-25.63,0.47,9.4,0.77,0.36,0.3,0.44,0.02,0.15,0.69,0.05,0.2,0.1,0.28,0.24
200_090,ABUR E,,1,B,2016-04-27,0.91,-2.04,0.04,-23.8,0.28,7,0.89,0.25,0.61,0.25,0.03,0.25,2.46,0.13,0.29,0.18,0.2,0.2
200_091,ABUR E,,2,T,2016-04-27,1.46,0.46,0.07,-26.04,0.67,9.57,1.11,0.75,0.67,0.39,0.06,0.21,1.73,0.14,0.2,0.2,0.28,0.32
200_092,ABUR E,,2,B,2016-04-27,7.99,4.74,0.27,-26.69,3.13,11.59,2.08,6.51,1.2,0.63,0.25,0.38,1.9,0.39,0.21,0.19,0.22,0.26
200_093,ABUR E,,3,T,2016-04-27,6.71,2.38,0.16,-27.68,2.38,14.88,1.99,4.74,1.19,0.65,0.15,0.41,1.83,0.23,0.22,0.16,0.25,0.25
200_094,ABUR E,,3,B,2016-04-27,6,2.58,0.17,-28.1,2.46,14.47,3.97,9.77,2.36,1.31,0.3,0.71,1.8,0.23,0.19,0.07,0.27,0.26
300_095,AHND,10,1,T,2016-06-22,1.16,1.37,0.04,-21.54,0.26,6.5,0.6,0.16,0.45,0.15,0.01,0.17,3.05,0.09,0.29,0.62,0.13,0.33
300_096,AHND,10,2,T,2016-06-22,1.04,3.31,0.04,-22.34,0.28,7,0.54,0.15,0.43,0.1,0.01,0.13,4.41,0.14,0.25,0.84,0.04,0.27
300_097,AHND,10,1,B,2016-06-22,1.55,1.08,0.04,-21.72,0.24,6,0.96,0.23,0.72,0.18,0.06,0.18,4.08,0.35,0.2,0.76,0.09,0.31
300_098,AHND,10,2,B,2016-06-22,1.06,3.07,0.04,-21.69,0.26,6.5,0.64,0.17,0.52,0.11,0.01,0.14,4.72,0.12,0.23,0.96,0.12,0.3
300_099,AHND,20,1,T,2016-06-22,1.18,3.86,0.05,-22.44,0.41,8.2,1.24,0.51,0.86,0.34,0.04,0.17,2.52,0.12,0.14,0.31,0.13,0.28
300_100,AHND,20,2,T,2016-06-22,1.45,3.72,0.05,-21.59,0.4,8,2.59,1.04,1.92,0.59,0.09,0.31,3.25,0.15,0.12,0.28,0.14,0.27
300_101,AHND,20,1,B,2016-06-22,1.36,3.35,0.05,-22.94,0.45,9,1.37,0.62,0.79,0.56,0.02,0.22,1.4,0.04,0.16,0.15,0.03,0.25
300_102,AHND,20,2,B,2016-06-22,1.49,4.09,0.05,-22.37,0.41,8.2,2.05,0.84,1.3,0.74,0.02,0.6,1.75,0.03,0.3,0.14,0.04,0.25
300_103,AQUE,10,1,T,2016-06-22,1.39,3.59,0.04,-21.15,0.26,6.5,0.3,0.08,0.16,0.14,,0.13,1.19,0.03,0.45,0.37,0.08,0.29
300_104,AQUE,10,2,T,2016-06-22,1.38,3.38,0.04,-21.54,0.26,6.5,0.3,0.08,0.2,0.1,0.01,0.15,2.06,0.08,0.5,0.67,0.06,0.36
300_105,AQUE,10,1,B,2016-06-22,1.44,2.98,0.04,-22.55,0.35,8.75,1,0.3,0.7,0.29,0.02,0.16,2.44,0.05,0.16,0.28,0.06,0.24
300_106,AQUE,10,2,B,2016-06-22,2.23,2.69,0.06,-23.65,0.6,10,0.87,0.52,0.54,0.32,0.02,0.21,1.7,0.07,0.25,0.31,0.06,0.29
300_107,AQUE,20,1,T,2016-06-22,1.52,3.76,0.06,-22.14,0.46,7.67,1.03,0.47,0.66,0.34,0.02,0.16,1.93,0.07,0.16,0.22,0.05,0.25
300_108,AQUE,20,2,T,2016-06-22,1.66,3.75,0.05,-23.54,0.57,11.4,1.36,0.78,0.77,0.56,0.03,0.19,1.38,0.05,0.14,0.16,0.07,0.32
300_109,AQUE,20,1,B,2016-06-22,1.42,3.49,0.04,-22.17,0.32,8,1.35,0.43,0.85,0.48,0.02,0.25,1.75,0.04,0.19,0.22,0.02,0.27
300_110,AQUE,20,2,B,2016-06-22,1.48,4.29,0.05,-22.53,0.43,8.6,2,0.86,1.24,0.72,0.04,0.26,1.72,0.06,0.13,0.13,0.05,0.27
300_111,REFU,10,1,T,2016-06-22,0.94,3.1,0.03,-20.8,0.19,6.33,0.86,0.16,0.59,0.27,0.01,0.13,2.18,0.02,0.15,0.49,0.07,0.26
300_112,REFU,10,2,T,2016-06-22,0.77,0.86,0.03,-19.28,0.13,4.33,0.22,0.03,0.19,0.03,,0.1,6.4,0.01,0.45,2,0.06,0.27
300_113,REFU,10,1,B,2016-06-22,0.73,-0.21,0.03,-20.92,0.14,4.67,2.31,0.32,1.58,0.7,0.04,0.13,2.26,0.05,0.06,0.2,0.08,0.3
300_114,REFU,10,2,B,2016-06-22,1.66,1.15,0.04,-22.6,0.35,8.75,1.94,0.68,1.44,0.49,0.01,0.25,2.92,0.03,0.13,0.49,0.07,0.3
300_115,REFU,20,1,T,2016-06-22,1.4,3.2,0.05,-22.29,0.42,8.4,1.06,0.44,0.74,0.3,0.01,0.16,2.49,0.04,0.15,0.42,0.07,0.32
300_116,REFU,20,2,T,2016-06-22,1.36,2.57,0.05,-21.94,0.37,7.4,1.88,0.7,1.42,0.44,0.02,0.27,3.21,0.05,0.15,0.39,0.04,0.28
300_117,REFU,20,1,B,2016-06-22,1.66,2.36,0.05,-22.26,0.43,8.6,1.85,0.8,1.4,0.43,0.02,0.24,3.29,0.05,0.13,0.45,0.07,0.3
300_118,REFU,20,2,B,2016-06-22,1.33,2.78,0.05,-21.83,0.38,7.6,2.77,1.05,2.12,0.63,0.01,0.2,3.38,0.02,0.07,0.16,0.1,0.3
300_119,IVEE,10,1,T,2016-06-24,3.98,6.49,0.16,-21.72,1.99,12.44,0.08,0.16,0.06,0.02,,0.05,2.36,0.09,0.66,1.68,,0.22
300_120,IVEE,10,2,T,2016-06-24,3.39,7.47,0.12,-19.45,1.03,7.64,0.11,0.11,0.07,0.03,,0.11,2.56,0.12,1.04,1.65,0.09,0.27
300_121,IVEE,10,1,B,2016-06-24,5.28,7.7,0.19,-20.28,2.19,11.33,0.08,0.17,0.06,0.02,,0.06,2.73,0.09,0.75,1.07,,0.21
300_122,IVEE,10,2,B,2016-06-24,1.91,6.27,0.06,-20.78,0.55,8.15,0.31,0.16,0.27,0.04,,0.14,7.12,,0.45,1.95,,
300_123,IVEE,20,1,T,2016-06-24,1.38,3.34,0.04,-22.16,0.33,8,1.15,0.37,0.96,0.17,0.01,0.23,5.56,0.07,0.2,0.59,0.09,0.16
300_124,IVEE,20,2,T,2016-06-24,1.33,4.36,0.04,-22.45,0.34,8.46,1.21,0.4,0.94,0.25,0.01,0.2,3.72,0.06,0.17,0.39,0.08,0.15
300_125,IVEE,20,1,B,2016-06-24,1.89,4.46,0.04,-22.89,0.52,15.91,0.82,0.57,0.66,0.15,0.01,0.04,4.5,0.07,0.05,0.45,0.08,0.17
300_126,IVEE,20,2,B,2016-06-24,1.47,4.47,0.04,-22.76,0.47,11.67,1.15,0.56,0.93,0.21,0.01,0.05,4.54,0.04,0.04,0.32,0.09,0.13
300_127,GOLB,10,1,T,2016-06-24,0.95,2.7,0.02,-23.74,0.2,9.63,0.83,0.22,0.64,0.18,0.01,0.14,3.47,0.03,0.17,0.41,0.1,0.16
300_128,GOLB,10,2,T,2016-06-24,0.96,3.36,0.03,-21.29,0.17,6.07,0.68,0.12,0.55,0.13,0.01,0.21,4.36,0.04,0.31,0.7,,0.19
300_129,GOLB,10,1,B,2016-06-24,0.63,2.49,0.02,-21.93,0.16,9.2,1.82,0.42,1.46,0.34,0.02,0.25,4.25,0.05,0.14,0.52,0.1,0.18
300_130,GOLB,10,2,B,2016-06-24,1.12,1.98,0.02,-21.85,0.17,7.04,1.99,0.38,1.56,0.41,0.03,0.22,3.84,0.07,0.11,0.29,0.08,0.12
300_131,GOLB,20,1,T,2016-06-24,1.18,3.89,0.03,-22.3,0.27,7.44,1.61,0.47,1.26,0.33,0.02,0.21,3.79,0.07,0.13,0.3,0.09,0.17
300_132,GOLB,20,2,T,2016-06-24,0.89,4.28,0.03,-22.23,0.23,7.27,0.67,0.16,0.45,0.21,0.01,0.19,2.1,0.05,0.29,0.4,0.15,0.16
300_133,GOLB,20,1,B,2016-06-24,0.97,4.39,0.03,-22.61,0.29,7.35,1.26,0.32,0.83,0.4,0.03,0.27,2.09,0.07,0.22,0.29,0.12,0.14
300_134,GOLB,20,2,B,2016-06-24,1.2,3.7,0.03,-22.85,0.3,9.41,1.85,0.59,1.2,0.62,0.04,0.21,1.95,0.07,0.11,0.22,0.11,0.13
300_135,ABUR,10,1,T,2016-06-24,0.99,1.96,0.02,-21.62,0.14,6.54,0.17,0.03,0.1,0.06,,0.09,1.59,0.03,0.54,0.8,,0.13
300_136,ABUR,10,2,T,2016-06-24,0.97,1.92,0.02,-21.07,0.14,9.23,0.17,0.04,0.14,0.02,,0.08,5.8,,0.47,1.44,0.09,0.13
300_137,ABUR,10,1,B,2016-06-24,1.6,1.03,0.02,-22.4,0.19,10.8,2.05,0.55,1.38,0.61,0.05,0.4,2.24,0.09,0.2,0.65,0.11,0.13
300_138,ABUR,10,2,B,2016-06-24,1.77,1.49,0.02,-22.08,0.17,14.48,0.53,0.09,0.4,0.12,,0.14,3.39,0.04,0.26,1.13,0.15,0.15
300_139,ABUR,20,1,T,2016-06-29,1.69,4.87,0.042,-23.85,0.46,10.95,0.84,0.39,0.53,0.3,0.01,0.13,1.76,0.03,0.16,0.36,0.13,0.14
300_140,ABUR,20,2,T,2016-06-29,1.26,6.4,0.043,-22.58,0.42,9.77,1.2,0.5,0.83,0.34,0.02,0.16,2.45,0.07,0.14,0.29,0.12,0.13
300_141,ABUR,20,1,B,2016-06-29,2.65,4.68,0.067,-23.76,0.98,14.63,1.47,1.44,0.88,0.57,0.02,0.18,1.55,0.04,0.12,0.23,0.07,0.13
300_142,ABUR,20,2,B,2016-06-29,2.16,4.82,0.056,-23.97,0.76,13.57,2.36,1.8,1.47,0.85,0.04,0.28,1.72,0.05,0.12,0.2,0.14,0.17
300_143,MOHK,10,1,T,2016-06-29,0.79,3.13,0.024,-20.37,0.12,5,0.11,0.01,0.09,0.02,,0.12,3.65,,1.08,3.35,,0.28
300_144,MOHK,10,2,T,2016-06-29,0.69,9.41,0.023,-19.54,0.14,6.09,0.09,0.01,0.08,0.02,,0.11,5.01,,1.11,3.58,,
300_145,MOHK,10,1,B,2016-06-29,0.9,1.1,0.02,-22.55,0.11,5.5,0.13,0.01,0.11,0.02,,0.11,4.51,,0.83,3.38,,0.31
300_146,MOHK,10,2,B,2016-06-29,1.05,3.83,0.03,-22.79,0.26,8.67,0.09,0.02,0.07,0.02,,0.06,4.54,0.14,0.64,2.62,0.29,0.35
300_147,MOHK,20,1,T,2016-06-29,1.76,4.81,0.04,-23.14,0.53,13.25,1.6,0.85,1.14,0.45,0.01,0.18,2.51,0.02,0.11,0.2,0.13,0.12
300_148,MOHK,20,2,T,2016-06-29,1.68,5.15,0.05,-23.2,0.56,11.2,0.92,0.51,0.58,0.32,0.01,0.13,1.8,0.04,0.15,0.32,0.17,0.17
300_149,MOHK,20,1,B,2016-06-29,1.86,5.62,0.05,-23.38,0.66,13.2,1.24,0.82,0.86,0.35,0.02,0.18,2.44,0.06,0.15,0.3,0.15,0.14
300_150,MOHK,20,2,B,2016-06-29,2.21,5.43,0.06,-23.75,0.78,13,1.27,0.99,0.88,0.38,0.01,0.13,2.31,0.04,0.1,0.24,0.14,0.15
300_151,MICR,10,1,T,2016-06-29,1.08,5.39,0.03,-23.84,0.34,11.33,0.86,0.29,0.59,0.26,0.01,0.15,2.28,0.04,0.18,0.4,0.19,0.18
300_152,MICR,10,2,T,2016-06-29,1.06,5.63,0.03,-23.87,0.36,12,1.44,0.52,0.92,0.49,0.03,0.26,1.88,0.07,0.18,0.29,0.14,0.16
300_153,MICR,10,1,B,2016-06-29,0.99,5.79,0.03,-24.19,0.34,11.33,0.95,0.32,0.63,0.3,0.02,0.16,2.13,0.05,0.17,0.39,0.14,0.19
300_154,MICR,10,2,B,2016-06-29,1.35,5.15,0.03,-24.26,0.47,15.67,1.32,0.62,0.89,0.4,0.02,0.18,2.21,0.05,0.14,0.33,0.13,0.2
300_155,MICR,20,1,T,2016-06-29,1.32,6.86,0.03,-22.37,0.28,9.33,0.48,0.14,0.31,0.16,0.01,0.12,1.91,0.06,0.26,0.47,0.2,0.2
300_156,MICR,20,2,T,2016-06-29,1.5,6.42,0.03,-15.6,0.31,10.33,0.34,0.1,0.24,0.09,0.01,0.08,2.49,0.09,0.25,0.75,0.22,0.27
300_157,MICR,20,1,B,2016-06-29,1.8,6.02,0.05,-22.45,0.44,8.8,0.56,0.25,0.39,0.16,0.01,0.12,2.47,0.07,0.22,0.64,0.21,0.25
300_158,MICR,20,2,B,2016-06-29,1.52,6.68,0.05,-22.29,0.4,8,0.6,0.24,0.43,0.16,0.01,0.12,2.7,0.07,0.2,0.55,0.18,0.27
200_159,ABUR E,,1,T,2016-06-30,0.47,4.21,0.02,-23.4,0.11,5.5,3.84,0.42,2.94,0.78,0.12,0.2,3.76,0.15,0.06,0.09,0.1,0.24
200_160,ABUR E,,1,B,2016-06-30,0.34,5.26,0.01,-22.49,0.09,9,0.55,0.05,0.4,0.13,0.02,0.25,3.14,0.19,0.47,0.68,0.18,0.35
200_161,ABUR E,,2,T,2016-06-30,0.78,6.56,0.02,-24.99,0.24,12,6.01,1.44,4.17,1.55,0.29,0.54,2.69,0.19,0.1,0.06,0.08,0.19
200_162,ABUR E,,2,B,2016-06-30,0.52,6.58,0.02,-24.96,0.15,7.5,2.9,0.44,2.08,0.58,0.25,0.49,3.61,0.43,0.19,0.11,0.09,0.3
200_163,ABUR E,,3,T,2016-06-30,6.52,5.26,0.19,-26.49,2.25,11.84,3.14,7.07,1.92,0.96,0.27,0.6,2.01,0.28,0.21,0.08,0.14,0.43
200_164,ABUR E,,3,B,2016-06-30,3.77,4.59,0.1,-26.03,1.3,13,7.33,9.53,5.32,1.58,0.44,0.68,3.37,0.28,0.1,0.09,0.21,0.62
200_165,GOSL,,1,T,2016-07-02,1.89,5.76,0.03,-23.47,0.45,15,0.72,0.32,0.46,0.19,0.07,0.16,2.45,0.36,0.24,0.23,0.14,0.43
200_166,GOSL,,1,B,2016-07-02,2.15,5.27,0.05,-23.63,0.74,14.8,0.89,0.66,0.6,0.23,0.07,0.18,2.64,0.3,0.22,0.24,0.25,0.53
200_167,GOSL,,2,T,2016-07-02,5.01,5.83,0.17,-25.23,1.62,9.53,1.41,2.28,0.92,0.35,0.14,0.22,2.68,0.4,0.17,0.1,0.24,0.56
200_168,GOSL,,2,B,2016-07-02,2.98,5.39,0.1,-24.82,1.06,10.6,1.46,1.55,0.94,0.34,0.18,0.23,2.74,0.52,0.18,0.13,0.1,0.45
200_169,GOSL,,3,T,2016-07-02,3.9,5.55,0.08,-24.53,1.03,12.88,1.86,1.92,1.25,0.46,0.14,0.25,2.71,0.31,0.14,0.11,0.17,0.4
200_170,GOSL,,3,B,2016-07-02,2.83,5.26,0.08,-24.24,1.3,16.25,1.68,2.19,1.14,0.43,0.11,0.19,2.63,0.25,0.12,0.11,0.15,0.39
200_171,GOSL,,4,T,2016-07-02,5.17,1.63,0.14,-27.37,2.49,17.79,1.85,4.61,1.24,0.51,0.11,0.2,2.43,0.22,0.12,0.23,0.18,0.47
200_172,GOSL,,4,B,2016-07-02,4.04,1.39,0.1,-27.84,1.58,15.8,3.61,5.7,2.32,1.1,0.19,0.36,2.11,0.18,0.11,0.13,0.19,0.43
300_173,REFU,10,1,T,2017-03-13,0.58,2,0.02,-19.63,0.11,5.5,,,,,,,,,,,,
300_174,REFU,10,2,T,2017-03-13,0.68,1.96,0.02,-22.21,0.15,7.5,,,,,,,,,,,,
300_175,REFU,10,3,T,2017-03-13,0.77,1.72,0.02,-22.16,0.16,8,,,,,,,,,,,,
300_176,REFU,10,4,T,2017-03-13,0.99,3.1,0.03,-22.14,0.29,9.67,,,,,,,,,,,,
300_177,REFU,10,1,B,2017-03-13,0.5,1.34,0.02,-18.17,0.12,6,,,,,,,,,,,,
300_178,REFU,10,2,B,2017-03-13,0.79,0.6,0.03,-23.18,0.2,6.67,,,,,,,,,,,,
300_179,REFU,10,3,B,2017-03-13,0.87,2.93,0.03,-22.32,0.21,7,,,,,,,,,,,,
300_180,REFU,10,4,B,2017-03-13,1.2,3.04,0.03,-22.54,0.28,9.33,,,,,,,,,,,,
300_181,REFU,20,1,T,2017-03-13,1.06,5.08,0.04,-22.6,0.29,7.25,,,,,,,,,,,,
300_182,REFU,20,2,T,2017-03-13,1.28,3.09,0.05,-23.54,0.48,9.6,,,,,,,,,,,,
300_183,REFU,20,3,T,2017-03-13,0.87,4.37,0.04,-22.93,0.23,5.75,,,,,,,,,,,,
300_184,REFU,20,4,T,2017-03-13,1.54,4.52,0.05,-23.34,0.49,9.8,,,,,,,,,,,,
300_185,REFU,20,1,B,2017-03-13,1.59,4.86,0.05,-23.27,0.41,8.2,,,,,,,,,,,,
300_186,REFU,20,2,B,2017-03-13,1.23,3.72,0.05,-22.94,0.46,9.2,,,,,,,,,,,,
300_187,REFU,20,3,B,2017-03-13,1.24,4.14,0.04,-23.36,0.42,10.5,,,,,,,,,,,,
300_188,REFU,20,4,B,2017-03-13,1.24,4.41,0.05,-23.32,0.5,10,,,,,,,,,,,,
300_189,IVEE,10,1,T,2017-03-13,6.43,,,,,,,,,,,,,,,,,
300_190,IVEE,10,2,T,2017-03-13,5.16,,,,,,,,,,,,,,,,,
300_191,IVEE,10,3,T,2017-03-13,3.69,,,,,,,,,,,,,,,,,
300_192,IVEE,10,4,T,2017-03-13,7.32,,,,,,,,,,,,,,,,,
300_193,IVEE,10,1,B,2017-03-13,6.04,,,,,,,,,,,,,,,,,
300_194,IVEE,10,2,B,2017-03-13,6.49,,,,,,,,,,,,,,,,,
300_195,IVEE,10,3,B,2017-03-13,9.45,,,,,,,,,,,,,,,,,
300_196,IVEE,10,4,B,2017-03-13,3.67,,,,,,,,,,,,,,,,,
300_197,IVEE,20,1,T,2017-03-13,0.73,4.03,0.03,-22.53,0.23,7.67,,,,,,,,,,,,
300_198,IVEE,20,2,T,2017-03-13,0.8,4.61,0.03,-22.82,0.24,8,,,,,,,,,,,,
300_199,IVEE,20,3,T,2017-03-13,0.72,3.83,0.03,-22.35,0.22,7.33,,,,,,,,,,,,
300_200,IVEE,20,4,T,2017-03-13,0.94,4.26,0.03,-22.73,0.23,7.67,,,,,,,,,,,,
300_201,IVEE,20,1,B,2017-03-13,1.26,4.43,0.04,-22.53,0.32,8,,,,,,,,,,,,
300_202,IVEE,20,2,B,2017-03-13,1.36,3.94,0.04,-22.67,0.33,8.25,,,,,,,,,,,,
300_203,IVEE,20,3,B,2017-03-13,1.19,4.03,0.03,-23.9,0.28,9.33,,,,,,,,,,,,
300_204,IVEE,20,4,B,2017-03-13,1.44,3.53,0.04,-22.44,0.32,8,,,,,,,,,,,,
300_205,AHND,10,1,T,2017-03-13,1.08,3.53,0.04,-21.47,0.26,6.5,,,,,,,,,,,,
300_206,AHND,10,2,T,2017-03-13,0.97,3.32,0.04,-26.11,0.32,8,,,,,,,,,,,,
300_207,AHND,10,3,T,2017-03-13,1.09,2.85,0.03,-20.69,0.22,7.33,,,,,,,,,,,,
300_208,AHND,10,4,T,2017-03-13,1.08,2.08,0.04,-20.51,0.21,5.25,,,,,,,,,,,,
300_209,AHND,10,1,B,2017-03-13,1.79,3.32,0.05,-23,0.39,7.8,,,,,,,,,,,,
300_210,AHND,10,2,B,2017-03-13,2.17,3.82,0.05,-22.9,0.46,9.2,,,,,,,,,,,,
300_211,AHND,10,3,B,2017-03-13,1.28,3,0.04,-21.8,0.3,7.5,,,,,,,,,,,,
300_212,AHND,10,4,B,2017-03-13,0.99,2.91,0.03,-20.99,0.21,7,,,,,,,,,,,,
300_213,AHND,20,1,T,2017-03-15,1.47,3.99,0.05,-21.84,0.45,9,,,,,,,,,,,,
300_214,AHND,20,2,T,2017-03-15,1.18,3.78,0.04,-26.68,0.39,9.75,,,,,,,,,,,,
300_215,AHND,20,3,T,2017-03-15,1.34,4.17,0.05,-22.54,0.36,7.2,,,,,,,,,,,,
300_216,AHND,20,4,T,2017-03-15,1.31,3.68,0.04,-22.37,0.33,8.25,,,,,,,,,,,,
300_217,AHND,20,1,B,2017-03-15,1.19,3.3,0.04,-21.93,0.3,7.5,,,,,,,,,,,,
300_218,AHND,20,2,B,2017-03-15,1.5,4.13,0.05,-22.47,0.43,8.6,,,,,,,,,,,,
300_219,AHND,20,3,B,2017-03-15,1.28,4.23,0.05,-22.62,0.45,9,,,,,,,,,,,,
300_220,AHND,20,4,B,2017-03-15,1.15,4.14,0.05,-22.52,0.36,7.2,,,,,,,,,,,,
300_221,AQUE,10,1,T,2017-03-13,1.21,3.24,0.04,-20.89,0.26,6.5,,,,,,,,,,,,
300_222,AQUE,10,2,T,2017-03-13,0.85,2.95,0.04,-26.08,0.29,7.25,,,,,,,,,,,,
300_223,AQUE,10,3,T,2017-03-13,0.76,2.75,0.03,-21.42,0.19,6.33,,,,,,,,,,,,
300_224,AQUE,10,4,T,2017-03-13,1.05,2.84,0.04,-22.22,0.35,8.75,,,,,,,,,,,,
300_225,AQUE,10,1,B,2017-03-13,1.11,3.07,0.04,-21.93,0.34,8.5,,,,,,,,,,,,
300_226,AQUE,10,2,B,2017-03-13,1.63,3.57,0.05,-23.59,0.49,9.8,,,,,,,,,,,,
300_227,AQUE,10,3,B,2017-03-13,1.01,3.14,0.04,-21.17,0.3,7.5,,,,,,,,,,,,
300_228,AQUE,10,4,B,2017-03-13,1.8,3.3,0.05,-22.14,0.4,8,,,,,,,,,,,,
300_229,AQUE,20,1,T,2017-03-13,1.24,3.81,0.04,-21.44,0.33,8.25,,,,,,,,,,,,
300_230,AQUE,20,2,T,2017-03-13,1.25,3.73,0.04,-21.4,0.31,7.75,,,,,,,,,,,,
300_231,AQUE,20,3,T,2017-03-13,1.24,4.47,0.04,-21.47,0.32,8,,,,,,,,,,,,
300_232,AQUE,20,4,T,2017-03-13,0.97,3.89,0.04,-21.7,0.3,7.5,,,,,,,,,,,,
300_233,AQUE,20,1,B,2017-03-13,1.15,4.28,0.05,-20.69,0.38,7.6,,,,,,,,,,,,
300_234,AQUE,20,2,B,2017-03-13,1.3,4.08,0.05,-21.87,0.39,7.8,,,,,,,,,,,,
300_235,AQUE,20,3,B,2017-03-13,1.19,4.21,0.04,-21.83,0.35,8.75,,,,,,,,,,,,
300_236,AQUE,20,4,B,2017-03-13,1.25,4.17,0.04,-21.41,0.34,8.5,,,,,,,,,,,,
300_237,MOHK,10,1,T,2017-03-14,0.5,1.29,0.03,-21.51,0.14,4.67,,,,,,,,,,,,
300_238,MOHK,10,2,T,2017-03-14,0.53,3.12,0.03,-20.96,0.09,3,,,,,,,,,,,,
300_239,MOHK,10,3,T,2017-03-14,0.51,3.67,0.02,-24.73,0.1,5,,,,,,,,,,,,
300_240,MOHK,10,4,T,2017-03-14,1.05,3.47,0.02,-22.45,0.09,4.5,,,,,,,,,,,,
300_241,MOHK,10,1,B,2017-03-14,0.52,3.69,0.03,-21.28,0.14,4.67,,,,,,,,,,,,
300_242,MOHK,10,2,B,2017-03-14,0.5,3.61,0.02,-21.07,0.1,5,,,,,,,,,,,,
300_243,MOHK,10,3,B,2017-03-14,0.44,3.04,0.02,-21.82,0.09,4.5,,,,,,,,,,,,
300_244,MOHK,0,4,B,2017-03-14,0.57,3.65,0.02,-21.87,0.1,5,,,,,,,,,,,,
300_245,MOHK,20,1,T,2017-03-14,1.05,3.86,0.04,-22.65,0.28,7,,,,,,,,,,,,
300_246,MOHK,20,2,T,2017-03-14,1.11,5.19,0.04,-22.77,0.32,8,,,,,,,,,,,,
300_247,MOHK,20,3,T,2017-03-14,1.24,4.5,0.04,-22.56,0.3,7.5,,,,,,,,,,,,
300_248,MOHK,20,4,T,2017-03-14,1.08,4.59,0.04,-22.54,0.32,8,,,,,,,,,,,,
300_249,MOHK,20,1,B,2017-03-14,1.37,4.22,0.04,-22.89,0.36,9,,,,,,,,,,,,
300_250,MOHK,20,2,B,2017-03-14,1.44,5.03,0.05,-22.49,0.4,8,,,,,,,,,,,,
300_251,MOHK,20,3,B,2017-03-14,1.9,4.59,0.05,-22.94,0.45,9,,,,,,,,,,,,
300_252,MOHK,20,4,B,2017-03-14,1.89,4.39,0.04,-22.53,0.36,9,,,,,,,,,,,,
300_253,MICR,10,1,T,2017-03-14,1.76,4.55,0.06,-23.61,0.65,10.83,,,,,,,,,,,,
300_254,MICR,10,2,T,2017-03-14,1.38,2.91,0.05,-23.76,0.47,9.4,,,,,,,,,,,,
300_255,MICR,10,3,T,2017-03-14,1.44,3.55,0.04,-24.27,0.36,9,,,,,,,,,,,,
300_256,MICR,10,4,T,2017-03-14,2.37,3.54,0.06,-24.39,0.72,12,,,,,,,,,,,,
300_257,MICR,10,1,B,2017-03-14,2.02,4.37,0.06,-23.54,0.72,12,,,,,,,,,,,,
300_258,MICR,10,2,B,2017-03-14,1.74,3.87,0.06,-23.51,0.68,11.33,,,,,,,,,,,,
300_259,MICR,10,3,B,2017-03-14,2.6,4.17,0.06,-23.51,0.74,12.33,,,,,,,,,,,,
300_260,MICR,10,4,B,2017-03-14,1.7,3.9,0.06,-23.51,0.6,10,,,,,,,,,,,,
300_261,MICR,20,1,T,2017-03-14,1.62,4.62,0.03,-22.84,0.3,10,,,,,,,,,,,,
300_262,MICR,20,2,T,2017-03-14,1.48,4.14,0.05,-22.47,0.32,6.4,,,,,,,,,,,,
300_263,MICR,20,3,T,2017-03-14,1.4,3.92,0.04,-22.39,0.27,6.75,,,,,,,,,,,,
300_264,MICR,20,4,T,2017-03-14,1.89,4.7,0.06,-22.51,0.43,7.17,,,,,,,,,,,,
300_265,MICR,20,1,B,2017-03-14,1.56,6.24,0.05,-22.14,0.48,9.6,,,,,,,,,,,,
300_266,MICR,20,2,B,2017-03-14,1.55,7.61,0.06,-21.38,0.5,8.33,,,,,,,,,,,,
300_267,MICR,20,3,B,2017-03-14,1.42,5.22,0.06,-22.59,0.56,9.33,,,,,,,,,,,,
300_268,MICR,20,4,B,2017-03-14,1.72,5.66,0.07,-22.17,0.61,8.71,,,,,,,,,,,,
300_269,GOLB,10,1,T,2017-03-14,0.66,2.19,0.03,-21.05,0.12,4,,,,,,,,,,,,
300_270,GOLB,10,2,T,2017-03-14,0.79,2.97,0.03,-22.36,0.18,6,,,,,,,,,,,,
300_271,GOLB,10,3,T,2017-03-14,0.68,1.88,0.03,-23.17,0.12,4,,,,,,,,,,,,
300_272,GOLB,10,4,T,2017-03-14,0.66,2.42,0.03,-22.44,0.13,4.33,,,,,,,,,,,,
300_273,GOLB,10,1,B,2017-03-14,0.54,2,0.02,-26.72,0.16,8,,,,,,,,,,,,
300_274,GOLB,10,2,B,2017-03-14,0.63,1.73,0.03,-23.13,0.12,4,,,,,,,,,,,,
300_275,GOLB,10,3,B,2017-03-14,1,2.6,0.03,-21.44,0.14,4.67,,,,,,,,,,,,
300_276,GOLB,10,4,B,2017-03-14,1.23,2.02,0.03,-23.39,0.16,5.33,,,,,,,,,,,,
300_277,GOLB,20,1,T,2017-03-14,1.41,3.86,0.04,-22.63,0.27,6.75,,,,,,,,,,,,
300_278,GOLB,20,2,T,2017-03-14,1.55,4.62,0.05,-23.03,0.35,7,,,,,,,,,,,,
300_279,GOLB,20,3,T,2017-03-14,1.34,3.95,0.04,-22.08,0.25,6.25,,,,,,,,,,,,
300_280,GOLB,20,4,T,2017-03-14,1.25,4.48,0.03,-22.6,0.26,8.67,,,,,,,,,,,,
300_281,GOLB,20,1,B,2017-03-14,1.26,3.88,0.04,-23.77,0.28,7,,,,,,,,,,,,
300_282,GOLB,20,2,B,2017-03-14,1.31,4.09,0.04,-22.76,0.29,7.25,,,,,,,,,,,,
300_283,GOLB,20,3,B,2017-03-14,1.14,3.82,0.04,-22.88,0.28,7,,,,,,,,,,,,
300_284,GOLB,20,4,B,2017-03-14,1.36,4.11,0.04,-22.58,0.28,7,,,,,,,,,,,,
300_285,ABUR,10,1,T,2017-03-14,1.36,-5.45,0.03,-18.31,0.17,5.67,,,,,,,,,,,,
300_286,ABUR,10,2,T,2017-03-14,1.26,1.26,0.03,-21.18,0.13,4.33,,,,,,,,,,,,
300_287,ABUR,10,3,T,2017-03-14,1.69,1.95,0.03,-22.76,0.17,5.67,,,,,,,,,,,,
300_288,ABUR,10,4,T,2017-03-14,1.22,1.95,0.03,-21.55,0.15,5,,,,,,,,,,,,
300_289,ABUR,10,1,B,2017-03-14,1.58,1.17,0.03,-22.81,0.14,4.67,,,,,,,,,,,,
300_290,ABUR,10,2,B,2017-03-14,1.7,1.62,0.03,-23.12,0.19,6.33,,,,,,,,,,,,
300_291,ABUR,10,3,B,2017-03-14,1.32,1.3,0.03,-22.79,0.17,5.67,,,,,,,,,,,,
300_292,ABUR,10,4,B,2017-03-14,2.54,1.6,0.03,-22.77,0.21,7,,,,,,,,,,,,
300_293,ABUR,20,1,T,2017-03-14,1.79,5.59,0.04,-23.46,0.36,9,,,,,,,,,,,,
300_294,ABUR,20,2,T,2017-03-14,1.85,3.93,0.04,-22.83,0.33,8.25,,,,,,,,,,,,
300_295,ABUR,20,3,T,2017-03-14,2.77,4.26,0.05,-23.3,0.52,10.4,,,,,,,,,,,,
300_296,ABUR,20,4,T,2017-03-14,1.16,4.07,0.04,-23.49,0.24,6,,,,,,,,,,,,
300_297,ABUR,20,1,B,2017-03-14,2.07,4.22,0.05,-23.4,0.49,9.8,,,,,,,,,,,,
300_298,ABUR,20,2,B,2017-03-14,1.55,3.83,0.05,-23.51,0.53,10.6,,,,,,,,,,,,
300_299,ABUR,20,3,B,2017-03-14,2.59,3.94,0.06,-23.59,0.61,10.17,,,,,,,,,,,,
300_300,ABUR,20,4,B,2017-03-14,2.23,4.17,0.05,-23.5,0.45,9,,,,,,,,,,,,
200_301,ABUR E,,1,T,2017-03-02,0.38,7.18,0.02,-22.71,0.07,3.5,,,,,,,,,,,,
200_302,ABUR E,,1,B,2017-03-02,4.39,6.4,0.13,-24.67,1.03,7.92,,,,,,,,,,,,
200_303,ABUR E,,2,T,2017-03-02,0.49,0.97,0.01,-21.97,0.07,7,,,,,,,,,,,,
200_304,ABUR E,,2,B,2017-03-02,0.47,1.15,0.01,-34.33,0.2,20,,,,,,,,,,,,
200_305,ABUR E,,3,T,2017-03-02,0.94,2.09,0.02,-24.21,0.16,8,,,,,,,,,,,,
200_306,ABUR E,,3,B,2017-03-02,0.78,1.54,0.03,-24.95,0.24,8,,,,,,,,,,,,
200_307,GOSL,,1,T,2017-03-08,0.74,2.41,0.02,-21.09,0.12,6,,,,,,,,,,,,
200_308,GOSL,,1,B,2017-03-08,0.5,1.53,0.01,-21.42,0.07,7,,,,,,,,,,,,
200_309,GOSL,,2,T,2017-03-08,1.36,3.48,0.03,-22.48,0.3,10,,,,,,,,,,,,
200_310,GOSL,,2,B,2017-03-08,1.99,4.72,0.06,-24.35,0.69,11.5,,,,,,,,,,,,
200_311,GOSL,,3,T,2017-03-08,4.49,5.69,0.16,-23.95,1.81,11.31,,,,,,,,,,,,
200_312,GOSL,,3,B,2017-03-08,3.65,4.07,0.13,-24.85,1.57,12.08,,,,,,,,,,,,
200_313,GOSL,,4,T,2017-03-08,4.63,4.02,0.16,-26.46,1.85,11.56,,,,,,,,,,,,
200_314,GOSL,,4,B,2017-03-08,3.2,3.75,0.11,-25.47,1.33,12.09,,,,,,,,,,,,
100_315,ATMY,,,,2017-01-20,9.04,2.22,0.22,-27.51,3.2,14.55,,,,,,,,,,,,
100_316,SPLV,,,,2017-01-20,5.38,3.87,0.16,-26.09,1.9,11.88,,,,,,,,,,,,
100_317,GATE,,,,2017-01-20,6.42,4.81,0.2,-26.22,2.21,11.05,,,,,,,,,,,,
100_318,AB00,,,,2017-01-20,5.23,4.14,0.18,-25.71,1.84,10.22,,,,,,,,,,,,
100_319,MC00,,,,2017-01-20,9.91,3.48,0.34,-27.65,4.38,12.88,,,,,,,,,,,,
100_320,BC02,,,,2017-01-22,4.44,4.07,0.12,-26.15,1.43,11.92,,,,,,,,,,,,
100_321,RG01,,,,2017-01-22,3.36,2.77,0.11,-26.49,1.03,9.36,,,,,,,,,,,,
100_322,GV01,,,,2017-01-22,3.69,3.69,0.14,-25.79,1.28,9.14,,,,,,,,,,,,
300_323,AHND,10,1,T,2017-06-05,1.27,,,,,,,,,,,,,,,,,
300_324,AHND,10,2,T,2017-06-05,1.13,,,,,,,,,,,,,,,,,
300_325,AHND,10,3,T,2017-06-05,1.4,,,,,,,,,,,,,,,,,
300_326,AHND,10,4,T,2017-06-05,0.95,,,,,,,,,,,,,,,,,
300_327,AHND,10,1,B,2017-06-05,1.6,,,,,,,,,,,,,,,,,
300_328,AHND,10,2,B,2017-06-05,1.22,,,,,,,,,,,,,,,,,
300_329,AHND,10,3,B,2017-06-05,1.76,,,,,,,,,,,,,,,,,
300_330,AHND,10,4,B,2017-06-05,1.01,,,,,,,,,,,,,,,,,
300_331,AHND,20,1,T,2017-06-05,1.27,,,,,,,,,,,,,,,,,
300_332,AHND,20,2,T,2017-06-05,1.22,,,,,,,,,,,,,,,,,
300_333,AHND,20,3,T,2017-06-05,1.39,,,,,,,,,,,,,,,,,
300_334,AHND,20,4,T,2017-06-05,1.44,,,,,,,,,,,,,,,,,
300_335,AHND,20,1,B,2017-06-05,1.39,,,,,,,,,,,,,,,,,
300_336,AHND,20,2,B,2017-06-05,1.34,,,,,,,,,,,,,,,,,
300_337,AHND,20,3,B,2017-06-05,1.08,,,,,,,,,,,,,,,,,
300_338,AHND,20,4,B,2017-06-05,1.26,,,,,,,,,,,,,,,,,
300_339,AQUE,10,1,T,2017-06-05,1.25,,,,,,,,,,,,,,,,,
300_340,AQUE,10,2,T,2017-06-05,1.32,,,,,,,,,,,,,,,,,
300_341,AQUE,10,3,T,2017-06-05,1.14,,,,,,,,,,,,,,,,,
300_342,AQUE,10,4,T,2017-06-05,1.01,,,,,,,,,,,,,,,,,
300_343,AQUE,10,1,B,2017-06-05,1.21,,,,,,,,,,,,,,,,,
300_344,AQUE,10,2,B,2017-06-05,1.45,,,,,,,,,,,,,,,,,
300_345,AQUE,10,3,B,2017-06-05,1.23,,,,,,,,,,,,,,,,,
300_346,AQUE,10,4,B,2017-06-05,1.58,,,,,,,,,,,,,,,,,
300_347,AQUE,20,1,T,2017-06-05,1.37,,,,,,,,,,,,,,,,,
300_348,AQUE,20,2,T,2017-06-05,1.38,,,,,,,,,,,,,,,,,
300_349,AQUE,20,3,T,2017-06-05,1.37,,,,,,,,,,,,,,,,,
300_350,AQUE,20,4,T,2017-06-05,1.23,,,,,,,,,,,,,,,,,
300_351,AQUE,20,1,B,2017-06-05,1.16,,,,,,,,,,,,,,,,,
300_352,AQUE,20,2,B,2017-06-05,0.9,,,,,,,,,,,,,,,,,
300_353,AQUE,20,3,B,2017-06-05,1.43,,,,,,,,,,,,,,,,,
300_354,AQUE,20,4,B,2017-06-05,1.19,,,,,,,,,,,,,,,,,
300_355,REFU,10,1,T,2017-06-05,1.61,,,,,,,,,,,,,,,,,
300_356,REFU,10,2,T,2017-06-05,1.13,,,,,,,,,,,,,,,,,
300_357,REFU,10,3,T,2017-06-05,1.78,,,,,,,,,,,,,,,,,
300_358,REFU,10,4,T,2017-06-05,1.15,,,,,,,,,,,,,,,,,
300_359,REFU,10,1,B,2017-06-05,0.86,,,,,,,,,,,,,,,,,
300_360,REFU,10,2,B,2017-06-05,1.21,,,,,,,,,,,,,,,,,
300_361,REFU,10,3,B,2017-06-05,0.77,,,,,,,,,,,,,,,,,
300_362,REFU,10,4,B,2017-06-05,0.77,,,,,,,,,,,,,,,,,
300_363,REFU,20,1,T,2017-06-05,2.38,,,,,,,,,,,,,,,,,
300_364,REFU,20,2,T,2017-06-05,1.81,,,,,,,,,,,,,,,,,
300_365,REFU,20,3,T,2017-06-05,1.51,,,,,,,,,,,,,,,,,
300_366,REFU,20,4,T,2017-06-05,1.49,,,,,,,,,,,,,,,,,
300_367,REFU,20,1,B,2017-06-05,1.43,,,,,,,,,,,,,,,,,
300_368,REFU,20,2,B,2017-06-05,3.2,,,,,,,,,,,,,,,,,
300_369,REFU,20,3,B,2017-06-05,2.04,,,,,,,,,,,,,,,,,
300_370,REFU,20,4,B,2017-06-05,1.31,,,,,,,,,,,,,,,,,
300_371,IVEE,20,1,T,2017-06-05,0.85,,,,,,,,,,,,,,,,,
300_372,IVEE,20,2,T,2017-06-05,0.97,,,,,,,,,,,,,,,,,
300_373,IVEE,20,3,T,2017-06-05,1.1,,,,,,,,,,,,,,,,,
300_374,IVEE,20,4,T,2017-06-05,1.03,,,,,,,,,,,,,,,,,
300_375,IVEE,20,1,B,2017-06-05,1.25,,,,,,,,,,,,,,,,,
300_376,IVEE,20,2,B,2017-06-05,1.06,,,,,,,,,,,,,,,,,
300_377,IVEE,20,3,B,2017-06-05,1.28,,,,,,,,,,,,,,,,,
300_378,IVEE,20,4,B,2017-06-05,1.23,,,,,,,,,,,,,,,,,
300_379,GOLB,10,1,T,2017-06-13,0.48,,,,,,,,,,,,,,,,,
300_380,GOLB,10,2,T,2017-06-13,0.59,,,,,,,,,,,,,,,,,
300_381,GOLB,10,3,T,2017-06-13,0.58,,,,,,,,,,,,,,,,,
300_382,GOLB,10,4,T,2017-06-13,0.7,,,,,,,,,,,,,,,,,
300_383,GOLB,10,1,B,2017-06-13,0.48,,,,,,,,,,,,,,,,,
300_384,GOLB,10,2,B,2017-06-13,0.54,,,,,,,,,,,,,,,,,
300_385,GOLB,10,3,B,2017-06-13,0.59,,,,,,,,,,,,,,,,,
300_386,GOLB,10,4,B,2017-06-13,0.53,,,,,,,,,,,,,,,,,
300_387,GOLB,20,1,T,2017-06-13,0.79,,,,,,,,,,,,,,,,,
300_388,GOLB,20,2,T,2017-06-13,0.99,,,,,,,,,,,,,,,,,
300_389,GOLB,20,3,T,2017-06-13,1.07,,,,,,,,,,,,,,,,,
300_390,GOLB,20,4,T,2017-06-13,0.88,,,,,,,,,,,,,,,,,
300_391,GOLB,20,1,B,2017-06-13,0.75,,,,,,,,,,,,,,,,,
300_392,GOLB,20,2,B,2017-06-13,0.89,,,,,,,,,,,,,,,,,
300_393,GOLB,20,3,B,2017-06-13,0.77,,,,,,,,,,,,,,,,,
300_394,GOLB,20,4,B,2017-06-13,0.79,,,,,,,,,,,,,,,,,
300_395,ABUR,10,1,T,2017-06-13,1,,,,,,,,,,,,,,,,,
300_396,ABUR,10,2,T,2017-06-13,1.01,,,,,,,,,,,,,,,,,
300_397,ABUR,10,3,T,2017-06-13,0.89,,,,,,,,,,,,,,,,,
300_398,ABUR,10,4,T,2017-06-13,0.56,,,,,,,,,,,,,,,,,
300_399,ABUR,10,1,B,2017-06-13,1.27,,,,,,,,,,,,,,,,,
300_400,ABUR,10,2,B,2017-06-13,2.51,,,,,,,,,,,,,,,,,
300_401,ABUR,10,3,B,2017-06-13,2.31,,,,,,,,,,,,,,,,,
300_402,ABUR,10,4,B,2017-06-13,1.27,,,,,,,,,,,,,,,,,
300_403,ABUR,20,1,T,2017-06-13,1.58,,,,,,,,,,,,,,,,,
300_404,ABUR,20,2,T,2017-06-13,1.27,,,,,,,,,,,,,,,,,
300_405,ABUR,20,3,T,2017-06-13,1.96,,,,,,,,,,,,,,,,,
300_406,ABUR,20,4,T,2017-06-13,1.26,,,,,,,,,,,,,,,,,
300_407,ABUR,20,1,B,2017-06-13,1.91,,,,,,,,,,,,,,,,,
300_408,ABUR,20,2,B,2017-06-13,2.8,,,,,,,,,,,,,,,,,
300_409,ABUR,20,3,B,2017-06-13,1.74,,,,,,,,,,,,,,,,,
300_410,ABUR,20,4,B,2017-06-13,1.87,,,,,,,,,,,,,,,,,
300_411,MOHK,10,1,T,2017-06-13,0.45,,,,,,,,,,,,,,,,,
300_412,MOHK,10,2,T,2017-06-13,0.42,,,,,,,,,,,,,,,,,
300_413,MOHK,10,3,T,2017-06-13,0.42,,,,,,,,,,,,,,,,,
300_414,MOHK,10,4,T,2017-06-13,0.47,,,,,,,,,,,,,,,,,
300_415,MOHK,10,1,B,2017-06-13,0.7,,,,,,,,,,,,,,,,,
300_416,MOHK,10,2,B,2017-06-13,0.54,,,,,,,,,,,,,,,,,
300_417,MOHK,10,3,B,2017-06-13,0.59,,,,,,,,,,,,,,,,,
300_418,MOHK,10,4,B,2017-06-13,0.57,,,,,,,,,,,,,,,,,
300_419,MOHK,20,1,T,2017-06-13,1.27,2.41,0.04,-23.38,0.56,13.29,,,,,,,,,,,,
300_420,MOHK,20,2,T,2017-06-13,0.86,2.54,0.03,-23.03,0.33,11.71,,,,,,,,,,,,
300_421,MOHK,20,3,T,2017-06-13,1.24,2.34,0.04,-22.77,0.45,11.45,,,,,,,,,,,,
300_422,MOHK,20,4,T,2017-06-13,1.4,2.94,0.04,-22.74,0.42,11.18,,,,,,,,,,,,
300_423,MOHK,20,1,B,2017-06-13,1.55,1,0.03,-23.31,0.46,13.19,,,,,,,,,,,,
300_424,MOHK,20,2,B,2017-06-13,1.45,1.25,0.04,-23.33,0.59,14.84,,,,,,,,,,,,
300_425,MOHK,20,3,B,2017-06-13,1.32,2.7,0.05,-23.38,0.68,15.18,,,,,,,,,,,,
300_426,MOHK,20,4,B,2017-06-13,1.53,3.82,0.04,-22.89,0.57,15.06,,,,,,,,,,,,
300_427,MICR,10,1,T,2017-06-13,0.94,,,,,,,,,,,,,,,,,
300_428,MICR,10,2,T,2017-06-13,0.55,,,,,,,,,,,,,,,,,
300_429,MICR,10,3,T,2017-06-13,0.6,,,,,,,,,,,,,,,,,
300_430,MICR,10,4,T,2017-06-13,0.62,,,,,,,,,,,,,,,,,
300_431,MICR,10,1,B,2017-06-13,1.5,,,,,,,,,,,,,,,,,
300_432,MICR,10,2,B,2017-06-13,0.51,,,,,,,,,,,,,,,,,
300_433,MICR,10,3,B,2017-06-13,1.09,,,,,,,,,,,,,,,,,
300_434,MICR,10,4,B,2017-06-13,0.9,,,,,,,,,,,,,,,,,
300_435,MICR,20,1,T,2017-06-13,1,2.26,0.03,-22.4,0.29,8.82,,,,,,,,,,,,
300_436,MICR,20,2,T,2017-06-13,0.84,1.66,0.03,-22.5,0.26,10.45,,,,,,,,,,,,
300_437,MICR,20,3,T,2017-06-13,0.99,1.48,0.04,-22.74,0.4,9.67,,,,,,,,,,,,
300_438,MICR,20,4,T,2017-06-13,0.7,,,,,,,,,,,,,,,,,
300_439,MICR,20,1,B,2017-06-13,1.31,2.33,0.05,-22.84,0.49,10.11,,,,,,,,,,,,
300_440,MICR,20,2,B,2017-06-13,1.86,4.72,0.07,-22.72,0.72,9.9,,,,,,,,,,,,
300_441,MICR,20,3,B,2017-06-13,1.24,3.24,0.04,-22.33,0.41,9.9,,,,,,,,,,,,
300_442,MICR,20,4,B,2017-06-13,1.44,3.35,0.05,-22.72,0.48,9.69,,,,,,,,,,,,
200_443,ABUR E,,1,T,2017-06-12,0.35,-2.2,0.01,-29.33,0.12,9.39,,,,,,,,,,,,
200_444,ABUR E,,1,B,2017-06-12,0.24,-2.91,0.01,-24.71,0.05,5.99,,,,,,,,,,,,
200_445,ABUR E,,2,T,2017-06-12,0.38,-2.2,0.01,-24.39,0.07,6.83,,,,,,,,,,,,
200_446,ABUR E,,2,B,2017-06-12,0.24,-0.11,0,-19.3,0.05,97.47,,,,,,,,,,,,
200_447,ABUR E,,3,T,2017-06-12,6.65,6.66,0.25,-25.39,3.52,13.88,,,,,,,,,,,,
200_448,ABUR E,,3,B,2017-06-12,3.28,2.37,0.09,-25.22,1.24,14.5,,,,,,,,,,,,
200_449,GOSL,,1,T,2017-06-08,0.39,-1.44,0.01,-21.71,0.07,8.37,,,,,,,,,,,,
200_450,GOSL,,1,B,2017-06-08,0.32,-2.58,0.01,-23.92,0.05,6.53,,,,,,,,,,,,
200_451,GOSL,,2,T,2017-06-08,1.13,-0.15,0.03,-22.09,0.29,10.17,,,,,,,,,,,,
200_452,GOSL,,2,B,2017-06-08,1.45,2.44,0.05,-24.29,0.58,11.64,,,,,,,,,,,,
200_453,GOSL,,3,T,2017-06-08,3.7,3.43,0.1,-24.76,1.16,11.96,,,,,,,,,,,,
200_454,GOSL,,3,B,2017-06-08,4.58,0.64,0.12,-24.4,1.63,13.82,,,,,,,,,,,,
200_455,GOSL,,4,T,2017-06-08,3.6,-4.48,0.09,-25.64,1.65,17.6,,,,,,,,,,,,
200_456,GOSL,,4,B,2017-06-08,2.64,2.09,0.09,-26.54,1.27,14.29,,,,,,,,,,,,
