ID,Site,Year,Depth,Core,Cumul_value_3.9um,Cumul_value_31um,Cumul_value_62.5um,Cumul_value_125um,Diameter_5perc,Diameter_7perc,Diameter_10perc,Diameter_16perc,Diameter_50perc,Diameter_84perc,Diameter_90perc,Diameter_95perc,Diameter_98perc,perc_Clay,perc_Silt,perc_Sand
300_001,IVEE,2015,10,T,3.701136947,16.74769974,27.94786358,60.75,5.597449541,8.596683025,13.52416754,28.44519043,102.230732,217.3077393,279.0203094,362.3002319,441.3288116,3.701136947,24.24672663,72.05213642
300_002,IVEE,2015,10,T,3.284014106,13.80997801,22.97483444,53.33999825,6.981314421,10.95558214,18.32531738,41.42933464,117.8446732,249.0770111,311.8063507,385.8357849,457.9191589,3.284014106,19.69082034,77.02516556
300_003,IVEE,2015,10,B,2.560332179,10.6370573,15.8657918,31.24499989,9.452403069,14.91847181,28.21777153,63.61763573,175.5974503,334.5059509,383.4032745,442.0994263,486.6686096,2.560332179,13.30545962,84.1342082
300_004,IVEE,2015,10,B,7.634232283,42.28184509,62.13504219,80.10499954,2.777990699,3.600502849,5.029228449,8.267636776,41.54234886,151.291153,215.8607407,312.5381012,406.2663727,7.634232283,54.50080991,37.86495781
300_005,IVEE,2015,20,T,4.688762188,20.08605003,31.13926506,66.4849987,4.210493565,6.504279375,10.29101467,20.54698753,96.72402191,167.7990494,193.7234955,232.6946411,294.243309,4.688762188,26.45050287,68.86073494
300_006,IVEE,2015,20,T,4.131828785,17.67092896,28.64398289,67.37999725,4.950422764,7.816589594,12.47651911,25.84819031,96.92126846,164.4252625,189.3292847,226.9984665,286.7672424,4.131828785,24.5121541,71.35601711
300_007,IVEE,2015,20,B,3.287570953,13.93592787,21.3268528,52.93000031,6.676794767,10.30060482,17.28264809,40.72564697,119.8128319,200.5525513,236.024292,295.1914673,385.3340454,3.287570953,18.03928185,78.6731472
300_008,IVEE,2015,20,B,3.704017878,14.0143261,21.38769245,56.29500008,5.995456457,9.701570988,16.78433895,41.18519592,114.8058662,185.5813828,212.5834579,254.2467041,317.6091614,3.704017878,17.68367457,78.61230755
300_009,REFU,2015,10,T,1.931894004,7.453661919,11.5725193,46.37999916,17.67403412,28.24342537,54.34376526,75.93524551,130.3039703,203.6311035,236.426712,292.2437439,381.2559662,1.931894004,9.640625298,88.4274807
300_010,REFU,2015,10,T,5.990820169,27.82504654,41.65465164,70.13999939,3.280026078,4.6304245,7.099060535,12.48576212,80.9722023,170.3165207,209.2022018,282.0033646,382.3291168,5.990820169,35.66383147,58.34534836
300_011,REFU,2015,10,B,2.478059292,9.405535698,14.19603443,47.40499878,11.36485577,19.66484261,34.81440735,68.60587692,129.0089188,207.317131,243.4497299,308.88974,397.4237366,2.478059292,11.71797514,85.80396557
300_012,REFU,2015,10,B,20.89619446,89.81481934,99.82504654,100,1.369974494,1.717711806,2.186552644,3.090656042,9.947838306,26.45507336,31.98734856,37.99664593,43.81506538,20.89619446,78.92885208,0.174953461
300_013,REFU,2015,20,T,5.180368662,23.11260986,38.46744347,83.51499939,3.740246534,5.681818247,9.108282089,17.14162827,76.81928253,126.1786423,142.8618164,165.2994919,191.3939896,5.180368662,33.2870748,61.53255653
300_014,REFU,2015,20,T,4.699083328,20.87214279,35.45879936,80.48500061,4.20266223,6.572192669,10.51679468,20.21729374,80.84865952,132.763855,150.1791687,174.3221207,203.3511581,4.699083328,30.75971603,64.54120064
300_015,REFU,2015,20,B,4.370625973,18.08822727,29.6925087,75.40499878,4.648507595,7.416823149,12.09992123,24.86044025,89.21330643,142.8719025,161.428833,186.7160721,216.6971207,4.370625973,25.32188272,70.3074913
300_016,REFU,2015,20,B,5.312170982,26.14132023,42.81912041,83.94000244,3.663480878,5.293080807,8.144291878,14.36847448,72.08529282,125.1877861,143.2530746,167.6356812,196.4180756,5.312170982,37.50694942,57.18087959
300_017,AQUE,2015,10,T,2.888709784,12.15819407,19.92063999,70.13999557,8.844069958,14.5831542,23.52683067,52.63225365,100.0502701,150.2618103,168.0143967,192.1270676,221.6973953,2.888709784,17.03193021,80.07936001
300_018,AQUE,2015,10,T,2.854861021,11.94849968,19.26915169,67.69499969,8.835085869,14.68728399,23.92974472,54.09481621,102.7887497,155.0022812,173.3540344,197.8825531,227.9362488,2.854861021,16.41429067,80.73084831
300_019,AQUE,2015,10,B,3.123573661,14.19676018,23.5521946,72.15000153,7.373273611,11.54020929,19.04843712,39.90615654,96.39373016,147.4401474,165.4589767,189.7164917,219.3720474,3.123573661,20.42862093,76.4478054
300_020,AQUE,2015,10,B,2.828542233,12.98494387,21.22673035,66.49500275,8.377829552,13.21166182,21.55784607,47.10196495,102.3253136,162.9830017,188.5604477,237.3442688,353.7776947,2.828542233,18.39818811,78.77326965
300_021,AQUE,2015,20,T,3.68249464,16.94236183,34.1858654,87.01999664,6.063159943,9.834930897,16.31112623,28.52114105,77.99582291,119.1495056,132.7025146,150.9606857,171.6689606,3.68249464,30.50337076,65.8141346
300_022,AQUE,2015,20,T,3.862871051,17.47241116,32.7832737,85.26499939,5.617868185,9.043317318,15.05869579,27.13453007,80.42033386,122.6693459,136.7389374,155.3628082,175.7724152,3.862871051,28.92040265,67.2167263
300_023,AQUE,2015,20,B,4.349252939,18.52734184,31.10544968,82.48999786,4.705009222,7.562324047,12.39468908,24.41900921,84.1175766,127.9908295,142.3905411,160.94104,180.8188705,4.349252939,26.75619674,68.89455032
300_024,AQUE,2015,20,B,3.816545486,16.97058678,30.67648983,83.49499893,5.708806753,9.144435883,15.14941454,28.2881155,83.18703461,126.0096855,140.2655106,158.8480148,178.8599854,3.816545486,26.85994434,69.32351017
300_025,AHND,2015,10,T,2.919529915,11.98331022,19.81165218,68.17499924,9.047651052,15.24597645,24.3683424,52.24446106,102.1798744,154.0287094,172.1792297,196.7125702,226.6235123,2.919529915,16.89212227,80.18834782
300_026,AHND,2015,10,T,2.252295494,9.646119118,14.60312414,63.70499992,13.11508989,20.81885433,35.05093861,65.41177368,108.9772568,159.4505692,177.4586792,201.2350998,230.3293762,2.252295494,12.35082865,85.39687586
300_027,AHND,2015,10,B,3.424447894,15.97767591,25.00856113,70.20000076,6.479818821,9.972614765,16.06369448,31.48309898,98.21128845,151.2086487,169.4689789,194.3033676,224.2951355,3.424447894,21.58411324,74.99143887
300_028,AHND,2015,10,B,3.435991764,17.41935158,29.21152115,74.46500015,6.27804184,9.542819977,14.92551231,27.37798786,90.87438202,144.2610168,162.6662827,187.5727997,217.3664856,3.435991764,25.77552938,70.78847885
300_029,AHND,2015,20,T,3.419040322,14.72817373,26.83349705,81.52000046,6.904765368,11.30430937,18.72742176,36.73106766,87.04682541,129.6735687,143.8924789,162.3240891,181.9643784,3.419040322,23.41445673,73.16650295
300_030,AHND,2015,20,T,3.427652836,15.06087732,26.95342731,81.47499847,6.849122047,11.08284712,18.22635365,35.4935894,87.05776978,129.7866058,143.9615173,162.3963928,182.0326767,3.427652836,23.52577448,73.04657269
300_031,AHND,2015,20,B,3.588825464,14.9259305,25.39171314,79.68499756,6.380321026,10.40385246,17.54693604,36.67063141,89.56159592,132.8802338,146.965416,166.0372543,187.4788742,3.588825464,21.80288768,74.60828686
300_032,AHND,2015,20,B,3.588099241,15.38223124,26.57820892,80.31999969,6.335778475,10.25811148,17.15973568,33.66128349,88.29833603,131.8002625,146.0006332,165.2193069,186.8576889,3.588099241,22.99010968,73.42179108
300_033,ABUR,2015,10,T,1.981155455,8.152994156,11.89725447,54.30000114,16.25225353,25.60783005,48.51169014,74.44785309,119.9029388,173.1006088,191.2870026,216.3306808,243.8623199,1.981155455,9.916099012,88.10274553
300_034,ABUR,2015,10,T,2.344384909,9.594939232,14.16520882,56.84499931,12.17839956,20.34979057,33.68688011,68.12962341,116.8720131,170.1927032,188.4947357,211.8968353,238.6335449,2.344384909,11.82082391,85.83479118
300_035,ABUR,2015,10,B,2.796656966,11.04481316,16.98949909,60.5549984,9.602637291,16.34579468,26.91939068,58.75435066,112.1269417,165.7659531,184.2193909,208.2470322,236.0813522,2.796656966,14.19284213,83.01050091
300_036,ABUR,2015,10,B,2.353501916,9.777990341,14.67462063,57.02000046,12.09477472,20.33638,32.06632042,66.4787674,116.6095123,170.1907578,188.5905609,211.9730453,238.7511292,2.353501916,12.32111871,85.32537937
300_037,ABUR,2015,20,T,4.446443319,20.22799301,38.76992226,88.39500046,4.488593817,7.060306311,11.58722878,22.05797863,73.85824966,115.6900978,129.3305092,147.885788,169.1160355,4.446443319,34.32347894,61.23007774
300_038,ABUR,2015,20,T,4.588400364,19.65691757,37.68770599,87.33499908,4.358767033,7.03619957,11.72882557,22.70552063,75.10111618,118.1208687,132.2032928,151.1262131,172.4317245,4.588400364,33.09930563,62.31229401
300_039,ABUR,2015,20,B,4.722523928,19.97230339,34.81914902,83.56499863,4.183579326,6.558917522,10.74850273,21.57821465,79.88644028,126.0643883,141.5121613,161.9984665,184.9031296,4.722523928,30.09662509,65.18085098
300_040,ABUR,2015,20,B,5.710979223,26.45037556,46.13454819,89.74499893,3.392570257,4.934438229,7.801322222,14.3842597,66.75974655,111.4532242,125.7606163,144.9125824,167.019043,5.710979223,40.42356896,53.86545181
300_041,MOHK,2015,10,T,1.370350301,4.843702555,6.973123789,30.27500057,32.5223093,62.14904976,82.79896927,99.62903976,155.8466263,247.7210388,299.2537079,372.7931824,446.3032227,1.370350301,5.602773488,93.02687621
300_042,MOHK,2015,10,T,1.495630562,5.566450596,8.075790882,33.87499809,26.80729103,47.36585617,75.32973862,94.00419617,149.650589,236.8345566,281.1405182,354.5465698,431.4610748,1.495630562,6.58016032,91.92420912
300_043,MOHK,2015,10,B,1.661263466,6.249086857,9.119681835,34.12499809,22.21678734,37.38308525,68.832798,91.41540909,150.805687,252.557312,315.3618622,387.3007202,458.6636658,1.661263466,7.458418369,90.88031816
300_044,MOHK,2015,10,B,1.749657631,6.513310909,9.670142174,35.55999947,21.08215523,35.46301937,64.58207321,89.2079277,147.714035,237.3934021,283.0886841,357.588028,434.5095673,1.749657631,7.920484543,90.32985783
300_045,MOHK,2015,20,T,4.136354208,18.57250595,30.41275501,70.30999756,4.890445471,7.587983131,12.01672935,24.00061798,92.31534958,160.5061569,190.3677673,252.3081818,366.484314,4.136354208,26.2764008,69.58724499
300_046,MOHK,2015,20,T,3.070157647,12.03055143,21.28082371,62.5700016,8.197178841,13.72325897,23.35618114,49.7465744,105.2916946,183.5529709,229.1480484,315.0942535,413.2935638,3.070157647,18.21066606,78.71917629
300_047,MOHK,2015,20,B,4.628260136,21.21168423,33.51671982,68.02499771,4.338742375,6.490947008,10.13860178,19.72157717,91.62076187,177.2200317,228.5481339,321.3813171,418.1264191,4.628260136,28.88845968,66.48328018
300_048,MOHK,2015,20,B,4.337937117,18.91709995,29.08289051,64.86499786,4.57939291,6.996857882,10.96199179,22.71470356,99.33476257,176.993927,213.5273132,288.7750244,391.1185608,4.337937117,24.74495339,70.91710949
300_049,GOLB,2015,10,T,2.172373295,8.69771862,16.76278782,62.21500015,14.86597204,22.60917282,43.67621613,60.919384,106.3858414,186.4372482,237.1370163,328.5099182,420.642334,2.172373295,14.59041452,83.23721218
300_050,GOLB,2015,10,T,2.413872957,9.478199005,17.6274128,57.86000061,12.50657701,20.0984621,36.04312134,59.08122253,111.1493263,220.7405853,297.1289215,379.9863281,454.8358917,2.413872957,15.21353984,82.3725872
300_051,GOLB,2015,10,B,2.778535724,10.93037176,21.87405586,63.47999954,10.11368275,17.01074123,26.8509531,51.51851273,101.7432175,198.9921417,267.8797302,360.7429962,442.9573059,2.778535724,19.09552014,78.12594414
300_052,GOLB,2015,10,B,3.551859021,13.84134722,26.15869999,67.93499756,6.611403704,11.19530725,18.99911976,40.7799015,94.41287231,180.8279343,242.996666,342.4969482,430.9388275,3.551859021,22.60684097,73.84130001
300_053,GOLB,2015,20,T,3.371392012,13.65457726,23.12715054,55.95999908,6.737301826,10.80370092,18.44256878,41.09658623,114.1661224,193.2483063,225.6777649,278.5139618,363.6545563,3.371392012,19.75575852,76.87284946
300_054,GOLB,2015,20,T,3.492116451,14.12158489,22.83074665,52.82500076,6.482925653,10.34014082,17.60234118,39.56453991,119.6522331,201.87854,236.0961075,293.9232941,383.0668488,3.492116451,19.3386302,77.16925335
300_055,GOLB,2015,20,B,3.596117496,15.14727831,27.34595585,61.70499992,6.113739729,9.850410938,16.52184486,33.92480278,102.9175224,183.163353,214.1754074,266.9229736,352.2977905,3.596117496,23.74983835,72.65404415
300_056,GOLB,2015,20,B,3.978833079,15.8095274,25.91799068,55.93999863,5.222616911,8.36634016,13.86109877,31.69626045,113.4756355,195.6156845,228.9214706,282.7331543,368.271286,3.978833079,21.93915761,74.08200932
300_057,MICR,2015,10,T,5.063848257,25.41389847,47.63695526,68.68999863,3.864959478,5.845512629,9.311748028,16.7124033,66.21867943,324.312973,378.086731,439.5549927,485.6008911,5.063848257,42.573107,52.36304474
300_058,MICR,2015,10,T,4.160538435,21.62801075,40.09668922,57.51499939,4.87063694,7.587330103,11.76716614,21.08553123,84.52695465,369.0942688,412.2226563,462.5722351,495.6890717,4.160538435,35.93615079,59.90331078
300_059,MICR,2015,10,B,7.058681726,36.35341263,61.23107147,80.53499985,2.850883245,3.868958712,5.80966115,10.2365551,47.67955399,229.871048,327.5243835,402.9299774,469.0046539,7.058681726,54.17238975,38.76892853
300_060,MICR,2015,10,B,7.919215441,44.08771896,75.01462936,98.25999832,2.603451729,3.449766159,5.019764423,8.745577812,36.75849152,75.16977692,87.57590866,103.8796921,122.8372078,7.919215441,67.09541392,24.98537064
300_061,MICR,2015,20,T,15.1561532,56.66274643,72.2888298,79.31499863,1.62357384,2.06036675,2.693157673,4.184120178,22.46992207,157.1149979,222.7263794,317.8018951,411.059433,15.1561532,57.1326766,27.7111702
300_062,MICR,2015,20,T,11.78764439,45.35599709,59.60909653,71.14500046,1.987694561,2.530017257,3.430490494,5.846455812,44.02585125,190.6007156,242.4133453,301.5629349,361.5848236,11.78764439,47.82145214,40.39090347
300_063,MICR,2015,20,B,15.80534363,59.18981743,75.2885437,83.25500107,1.63911593,2.03431046,2.615087271,3.948530793,18.33826542,130.210701,178.1083374,249.7603989,353.4923706,15.80534363,59.48320007,24.7114563
300_064,MICR,2015,20,B,14.811553,57.12135887,72.67982101,80.65000153,1.714036465,2.138216972,2.762577653,4.22776556,20.22246552,151.3179855,209.7868958,293.2187119,388.5961456,14.811553,57.86826801,27.32017899
200_065,GOSL,2015,,T,2.716436267,9.533320427,14.1251502,25.36499977,10.14565134,17.34550428,33.88390732,80.61162567,192.4155273,353.0796204,397.4333954,453.5101318,491.6856689,2.716436267,11.40871394,85.8748498
200_066,GOSL,2015,,B,2.196001291,7.794909954,11.46136856,23.70499992,13.81561089,25.22217655,48.03479385,99.20307922,187.5699234,340.6569519,388.5295715,446.5908051,488.6490326,2.196001291,9.26536727,88.53863144
200_067,GOSL,2015,,T,8.342636824,36.94005775,53.74917221,74.47999954,2.484132409,3.284258962,4.790425777,8.703633308,53.76905632,164.6279831,210.8277817,300.6444702,400.22052,8.342636824,45.40653539,46.25082779
200_068,GOSL,2015,,B,6.457070589,31.60470867,47.95407867,66.40999985,3.093206882,4.274855614,6.516652346,11.28663301,68.41211128,273.1192169,344.0083313,413.6103363,473.7756042,6.457070589,41.49700809,52.04592133
200_069,GOSL,2015,,T,12.41067076,51.50811195,76.93000031,97.1099968,1.83510071,2.348735809,3.155193686,5.330393314,29.40158939,75.56464767,90.6192131,110.5878944,132.958046,12.41067076,64.51932955,23.06999969
200_070,GOSL,2015,,B,17.38863277,64.77207756,89.5007782,99.83999634,1.455523133,1.82465595,2.359014273,3.563112617,17.21772099,52.72228813,63.75824928,78.32753754,94.44665527,17.38863277,72.11214542,10.4992218
200_071,GOSL,2015,,T,8.589180946,36.7045269,59.04522133,91.95999908,2.386694431,3.163248301,4.667550564,8.783279419,50.2349472,102.4817352,118.4881859,139.090065,162.9345474,8.589180946,50.45604038,40.95477867
200_072,GOSL,2015,,B,9.616620541,40.74014664,64.89829636,96.33499908,2.191873074,2.854855537,4.078733325,7.612832546,43.46996117,89.47509766,102.3996849,119.1680298,136.3503265,9.616620541,55.28167582,35.10170364
200_073,ABURE,2015,,T,11.50661469,39.48579216,51.83946609,64.06999779,1.935316622,2.464445233,3.362448335,6.088242531,57.43616104,296.4937286,360.3449707,426.2205658,479.654892,11.50661469,40.33285141,48.16053391
200_074,ABURE,2015,,B,1.37515229,8.453839302,13.59179258,20.7149992,17.37459469,25.86551857,42.46112061,86.52508736,266.5336838,405.3095856,444.533783,480.3077087,515.6156158,1.37515229,12.21664029,86.40820742
200_075,ABURE,2015,,T,4.834414005,20.06148624,28.72091579,37.7349987,4.076190472,6.186113358,9.860912323,19.92960548,208.3897781,386.6683807,428.5634918,471.6142578,499.8563843,4.834414005,23.88650179,71.27908421
200_076,ABURE,2015,,B,11.32174158,59.33960533,86.07098007,98.90999985,2.066409469,2.618404031,3.467324495,5.607379198,22.73369884,58.73944664,71.95222092,90.67332077,112.6376724,11.32174158,74.74923849,13.92901993
200_077,ABURE,2015,,T,6.890847445,34.67428589,51.37127113,70.07499886,2.96483314,4.048579216,6.081967354,10.45989895,62.65678978,234.717308,303.0050735,387.8965912,457.4063721,6.890847445,44.48042369,48.62872887
200_078,ABURE,2015,,B,7.995350599,39.21545601,57.40735817,74.79499817,2.585955858,3.416038632,4.986511946,8.755745411,47.53991318,195.6646957,283.0640869,372.247406,450.1071014,7.995350599,49.41200757,42.59264183
300_079,IVEE,2016,10,T,15.42320061,81.33531952,98.14033508,100,1.718679845,2.154184103,2.762331367,4.036319137,13.37632704,34.58593941,40.21768761,47.79942131,56.37549591,15.42320061,82.71713448,1.859664917
300_080,IVEE,2016,10,T,12.20737362,66.3621006,85.05260086,93.05499649,2.059286118,2.576804757,3.347240686,5.060842276,16.57066488,70.29496002,118.9477863,207.7195511,269.5578537,12.20737362,72.84522724,14.94739914
300_081,IVEE,2016,10,B,14.14300203,68.13185883,93.98551559,99.92499924,1.815876365,2.270861626,2.930670738,4.384622335,15.89795065,46.61273384,54.78692818,65.88425446,78.34092903,14.14300203,79.84251356,6.014484406
300_082,IVEE,2016,10,B,8.471857309,42.15387726,61.11549759,72.64499664,2.546852827,3.306464791,4.614466429,7.727305412,42.75555038,279.7746887,350.0285645,418.3718872,475.9332275,8.471857309,52.64364028,38.88450241
300_083,IVEE,2016,20,T,3.777889013,14.09397125,23.18496704,62.51000023,5.878002882,9.711922646,16.85946417,40.79365349,104.9028091,177.958931,209.6935425,271.0248871,372.2042236,3.777889013,19.40707803,76.81503296
300_084,IVEE,2016,20,T,3.523669124,13.65380239,22.54197693,62.39999962,6.516521454,10.6335721,18.3228941,43.11429214,105.4678421,176.6941452,206.7300949,263.3925705,363.1958466,3.523669124,19.01830781,77.45802307
300_085,IVEE,2016,20,B,33.7712307,100,100,100,0.209551997,0.269378506,0.825248331,2.034491241,6.419850349,10.83745956,11.9879303,13.46667004,15.18822336,33.7712307,66.2287693,0
300_086,IVEE,2016,20,B,3.450101137,13.99598742,21.73114491,53.92499924,6.388683319,10.0852356,17.13604259,40.81284523,117.9653168,206.1573257,249.9031754,326.209198,413.1880646,3.450101137,18.28104377,78.26885509
300_087,REFU,2016,10,T,17.88896656,78.92240143,97.84289551,100,1.507126451,1.881854415,2.408903956,3.498200417,12.35771847,36.43996048,43.97423744,53.07769012,63.88311386,17.88896656,79.95392895,2.157104492
300_088,REFU,2016,10,T,19.85995865,79.93903351,97.80593872,100,1.308938861,1.711720169,2.224529088,3.242907524,11.58390665,35.56016731,43.28343582,52.76613426,63.52918053,19.85995865,77.94598007,2.194061279
300_089,REFU,2016,10,B,2.374257445,10.79888296,16.71017456,38.56500053,10.07415199,15.68802309,27.47909832,58.43986893,147.8414993,268.6312866,330.2772369,396.4860687,465.1619568,2.374257445,14.33591712,83.28982544
300_090,REFU,2016,10,B,3.772302508,13.38377285,15.23611164,24.98500013,5.615124941,8.927761078,14.73124647,97.52802467,173.7949677,261.6417389,304.1546936,364.1541748,434.9776306,3.772302508,11.46380913,84.76388836
300_091,REFU,2016,20,T,3.988563538,16.24283695,27.5360651,74.21999741,5.366118193,8.741420269,14.60410261,30.17109776,91.3377533,145.1538849,164.0228653,189.2568054,219.9102707,3.988563538,23.54750156,72.4639349
300_092,REFU,2016,20,T,4.420700073,17.58698273,30.28999043,76.95000076,4.632724047,7.650502443,12.91966629,26.24821568,87.02458572,139.9733047,158.3900681,183.6476669,213.0724869,4.420700073,25.86929035,69.71000957
300_093,REFU,2016,20,B,21.45800591,84.8601799,92.96163559,97.15999985,1.331679881,1.688455641,2.165575206,3.106915593,11.01720333,35.76604748,52.16679287,77.45025063,111.3708191,21.45800591,71.50362968,7.03836441
300_094,REFU,2016,20,B,12.9394269,50.48908043,70.70111656,86.10499954,1.953216851,2.482053578,3.344271302,5.462401032,37.36394978,112.6605797,138.9521351,187.2368279,240.5712318,12.9394269,57.76168966,29.29888344
300_095,AQUE,2016,10,T,2.777454853,11.45222473,19.15049934,71.75500107,9.385853291,16.0092802,25.19315243,56.0651741,98.65222549,146.9840546,164.2670822,187.7193222,216.0447617,2.777454853,16.37304449,80.84950066
300_096,AQUE,2016,10,T,2.797288895,11.39393377,18.95850563,70.39500046,9.345625877,15.93127346,25.38615799,56.10500526,100.0304413,149.6304398,167.2323456,191.2102203,220.41436,2.797288895,16.16121674,81.04149437
300_097,AQUE,2016,10,B,3.101070762,13.27219248,21.77388287,66.25499725,7.675489426,12.26679993,20.56204796,45.3997879,102.0783539,164.3931122,190.5826492,241.5600052,359.8544922,3.101070762,18.6728121,78.22611713
300_098,AQUE,2016,10,B,3.348799348,15.09993982,24.79646873,70.53499603,6.758297682,10.53887796,17.3333621,35.41416454,96.76626587,153.800209,176.4667282,214.63237,290.7591248,3.348799348,21.44766939,75.20353127
300_099,AQUE,2016,20,T,4.243010521,16.95654011,27.8934927,80.09499741,4.889555454,7.98418951,13.65304899,27.91393948,88.02541351,132.2378082,146.5900497,165.9469299,187.9707336,4.243010521,23.65048218,72.1065073
300_100,AQUE,2016,20,T,4.166124821,17.17417908,28.60061836,81.24499893,5.039642572,8.197441101,13.89244127,27.42058468,86.65632629,130.238533,144.568367,163.1139984,182.8335876,4.166124821,24.43449354,71.39938164
300_101,AQUE,2016,20,B,3.814455986,16.21146345,28.35124493,81.96499634,5.769149065,9.363853455,15.79577637,30.37965012,86.00799942,128.9025269,143.151062,161.5714417,181.2131195,3.814455986,24.53678894,71.64875507
300_102,AQUE,2016,20,B,3.182335377,13.56997967,23.49735737,77.07999802,7.606922626,12.43617201,20.39301968,44.71824646,92.41157532,137.3152313,152.3899994,173.2797546,198.3458328,3.182335377,20.31502199,76.50264263
300_103,AHND,2016,10,T,2.665481329,11.159132,16.98811054,66.03000259,10.02684927,16.65408325,26.43444061,59.61014366,105.7047653,156.6775742,174.739418,198.7834702,228.4665146,2.665481329,14.32262921,83.01188946
300_104,AHND,2016,10,T,2.378887177,10.24595976,15.73014212,65.45500183,11.65093184,19.17314816,29.90631676,62.97529221,106.7148247,157.1544876,175.0842514,198.9070892,228.4468613,2.378887177,13.35125494,84.26985788
300_105,AHND,2016,10,B,2.760648251,11.37857914,17.18220997,64.71500015,9.389650822,15.69464493,25.62470627,58.8270607,107.0820656,159.092514,177.4863281,201.7649994,231.1735611,2.760648251,14.42156172,82.81779003
300_106,AHND,2016,10,B,2.654916406,10.82581949,16.47848797,64.5,10.0753274,17.08811569,27.40000916,60.90635109,107.4290504,159.3452988,177.7637939,202.0852966,231.408844,2.654916406,13.82357156,83.52151203
300_107,AHND,2016,20,T,3.55484271,14.95178556,25.94477558,81.07500076,6.414949894,10.42642689,17.75562191,36.26738739,88.14131165,130.4420929,144.5056381,162.7971268,182.285614,3.55484271,22.38993287,74.05522442
300_108,AHND,2016,20,T,3.848294854,16.93684578,30.66843891,83.84999847,5.673090219,9.172893047,15.34352636,28.26457596,82.99389267,125.3259506,139.4611816,158.0539093,178.0902023,3.848294854,26.82014406,69.33156109
300_109,AHND,2016,20,B,3.930066943,16.09803391,26.53032684,79.54499817,5.494847536,8.928426266,15.31721354,31.0721693,89.21671295,133.1302032,147.4015884,166.7004852,188.7488556,3.930066943,22.6002599,73.46967316
300_110,AHND,2016,20,B,3.706398368,15.07757902,25.5227232,78.68500137,6.061356306,9.9530406,17.24754429,35.47305298,90.25108719,134.5955887,148.9160767,169.0681152,193.1692963,3.706398368,21.81632483,74.4772768
300_111,ABUR,2016,10,T,1.665309906,6.476150036,9.083134174,54.48500061,23.19814777,35.25720978,65.59336853,79.93954468,120.081749,170.9128418,188.6408081,211.4560623,238.0215225,1.665309906,7.417824268,90.91686583
300_112,ABUR,2016,10,T,1.684431374,6.561095476,9.03427887,54.02499962,22.95759964,34.31136894,65.91091156,80.40086746,120.5802383,171.601326,189.2782135,212.0846558,238.47155,1.684431374,7.349847496,90.96572113
300_113,ABUR,2016,10,B,2.609532833,10.90443277,16.32775736,57.98999977,10.2379179,16.8734169,27.71515846,60.57426262,115.3141594,169.1430893,187.5709229,211.1475525,238.1387177,2.609532833,13.71822453,83.67224264
300_114,ABUR,2016,10,B,2.291705012,9.007184982,13.08427286,53.80999947,13.19846106,22.38078022,36.81658554,72.15740204,120.2989769,173.3075485,190.9489288,215.8731079,243.9500351,2.291705012,10.79256785,86.91572714
300_115,ABUR,2016,20,T,3.875645638,15.65370607,31.90220547,85.42499924,5.776838064,9.814063549,17.01871586,32.44503307,80.20320511,122.3120804,136.4628601,155.2298965,175.834053,3.875645638,28.02655983,68.09779453
300_116,ABUR,2016,20,T,4.213873506,17.74778795,34.83020782,87.64500046,5.123272419,8.304682016,14.11289549,27.51298904,77.20207214,117.3258286,130.8081741,148.6780624,169.0847626,4.213873506,30.61633432,65.16979218
300_117,ABUR,2016,20,B,4.575784445,22.02097225,38.63710213,84.90999985,4.320068836,6.524854422,10.19701242,19.13319492,75.81741333,123.1399193,138.8666534,159.8510132,183.4719925,4.575784445,34.06131768,61.36289787
300_118,ABUR,2016,20,B,5.163651705,24.4018898,43.52932739,89.63500214,3.769559383,5.505705357,8.604893208,16.00981665,69.43654633,112.1805725,126.0621338,144.6594391,166.3616638,5.163651705,38.36567569,56.47067261
300_119,MOHK,2016,10,T,1.393408298,5.092531204,7.47344923,29.58499908,30.30224705,55.54415321,80.21931076,98.9303627,159.9239655,280.8201752,340.7727966,404.1847992,469.6514587,1.393408298,6.080040932,92.52655077
300_120,MOHK,2016,10,T,1.579211652,5.997609138,9.065466404,31.40999889,24.13676643,41.05018044,69.34403801,93.57175827,158.0890656,284.3697662,344.6609039,408.5441132,471.6262665,1.579211652,7.486254752,90.9345336
300_121,MOHK,2016,10,B,1.642743587,6.284234762,9.430814743,35.84000015,23.73154354,41.7567234,65.09332275,89.06832123,147.0979385,239.0360107,293.0523071,369.07901,444.7043762,1.642743587,7.788071156,90.56918526
300_122,MOHK,2016,10,B,2.087449133,8.513120413,12.8041749,32.26000023,13.85324669,23.43934059,43.00107384,80.2863121,163.5563889,327.3383331,379.0892334,439.2581482,485.5249023,2.087449133,10.71672577,87.1958251
300_123,MOHK,2016,20,T,4.464669943,19.61806774,33.26837349,78.17999649,4.514931679,7.052244663,11.32371616,22.28094196,84.11756516,137.6593475,155.8877945,180.761734,210.1798401,4.464669943,28.80370355,66.73162651
300_124,MOHK,2016,20,T,3.987443805,17.1826458,29.65162849,74.06999969,5.306936979,8.523340464,14.14969397,28.09641266,89.69472122,148.4980774,171.8208008,211.8860321,287.5380707,3.987443805,25.66418469,70.34837151
300_125,MOHK,2016,20,B,4.61640048,20.12354088,31.1476202,67.90499878,4.256590843,6.457933664,10.15835571,20.3761816,94.11048508,171.1828079,209.8632126,296.3095856,400.8627167,4.61640048,26.53121972,68.8523798
300_126,MOHK,2016,20,B,5.339081764,23.39804268,37.66079903,76.95499802,3.635429144,5.370440722,8.538294792,16.29048681,80.92681122,143.9098587,168.6361084,213.6445999,291.0919495,5.339081764,32.32171726,62.33920097
300_127,GOLB,2016,10,T,18.44101429,78.36600113,95.54767609,99.46500015,1.485711575,1.847125769,2.362500787,3.424144745,12.08456135,37.92451859,47.42599106,64.65707207,85.21353912,18.44101429,77.1066618,4.452323914
300_128,GOLB,2016,10,T,5.780705333,15.36019039,16.67708492,28.38999939,4.075300694,6.558890343,12.26893783,42.89804649,212.3697128,313.4052277,347.6134033,389.9283142,448.1864319,5.780705333,10.89637959,83.32291508
300_129,GOLB,2016,10,B,2.44320786,9.552605152,16.94357204,54.46999931,11.94528341,19.59794617,34.97623253,60.21305847,116.6640167,258.7636948,334.175705,405.1549225,470.1209869,2.44320786,14.50036418,83.05642796
300_130,GOLB,2016,10,B,2.112491727,8.708715916,15.92750311,55.37000084,14.56307364,22.50196552,42.94223785,62.52172852,115.7394829,231.3213425,311.0614471,388.9791412,460.736969,2.112491727,13.81501138,84.07249689
300_131,GOLB,2016,20,T,3.166000247,11.97862959,19.24368572,51.49999809,7.634788752,12.40080261,22.06159306,51.83116341,122.349968,201.6698227,235.888649,292.9251099,381.9642792,3.166000247,16.07768548,80.75631428
300_132,GOLB,2016,20,T,3.472124219,13.42518902,21.55898285,54.57999992,6.548225641,10.47201824,17.96182823,44.15240097,116.8468628,195.5621414,228.6476135,283.065918,370.3095245,3.472124219,18.08685863,78.44101715
300_133,GOLB,2016,20,B,2.996003985,13.34020758,22.32547092,54.89499855,7.723383188,11.91691923,19.54062748,42.64304543,116.1322479,196.5187836,231.0656128,288.5663605,378.3632965,2.996003985,19.32946694,77.67452908
300_134,GOLB,2016,20,B,3.230933666,13.71458435,22.92853451,54.71500015,7.151715279,11.2053113,18.76816702,41.14774895,116.2749786,196.2673187,229.1521912,283.0420227,368.6920166,3.230933666,19.69760084,77.07146549
300_135,MICR,2016,10,T,4.134765506,20.68087006,40.35565758,62.74499893,4.953657389,7.781620264,12.26888084,22.11108398,78.02367401,361.0389252,404.7019348,458.3267517,493.8589478,4.134765506,36.22089207,59.64434242
300_136,MICR,2016,10,T,2.699070573,13.47979069,27.78305531,46.64500046,9.895339966,15.13691759,23.54624367,39.76481819,223.5831146,491.0992279,555.7053528,645.1545868,739.3537598,2.699070573,25.08398473,72.21694469
300_137,MICR,2016,10,B,4.364042163,20.61612511,35.36254406,53.61499977,4.700246334,7.196179628,11.24257469,21.44872284,113.6222382,364.7155609,408.9737549,460.0646515,494.5439606,4.364042163,30.9985019,64.63745594
300_138,MICR,2016,10,B,1.845233262,8.088094473,13.95418501,22.42499924,14.72570276,24.47932243,42.78960037,72.55651855,413.1823425,726.4231262,843.4456787,1006.064453,1215.422119,1.845233262,12.10895175,86.04581499
300_139,MICR,2016,20,T,7.246708393,27.81550312,37.32671738,49.28999901,2.784129977,3.794198751,5.838835716,10.79933739,127.4154587,323.0222321,376.1290741,437.061203,484.486908,7.246708393,30.08000898,62.67328262
300_140,MICR,2016,20,T,6.91328001,26.61981869,35.19205475,46.44000053,2.964483857,4.097740531,6.298717737,11.7238512,136.9785156,319.2253418,372.720993,433.6701813,482.9185181,6.91328001,28.27877474,64.80794525
300_141,MICR,2016,20,B,13.95974255,51.12737083,63.62137222,70.05500031,1.760700464,2.211337447,2.885748863,4.505066872,28.70552635,226.7922745,301.8280182,381.7291412,455.7240143,13.95974255,49.66162968,36.37862778
300_142,MICR,2016,20,B,8.634468079,31.10238075,38.90641975,45.63499832,2.43515265,3.200846076,4.628535032,8.460304737,149.8489532,361.9769135,405.291687,458.6292114,493.9497833,8.634468079,30.27195168,61.09358025
200_143,GOSL,2016,,T,3.966408372,16.75893736,23.41236401,36.68500042,5.584836721,8.505341053,14.05659103,32.11341476,165.6681213,340.8835602,388.7582703,446.8068848,488.8003998,3.966408372,19.44595563,76.58763599
200_144,GOSL,2016,,B,7.200322866,33.21882057,49.04999542,72.29999924,2.805371404,3.783756971,5.651866436,10.05286026,64.85720634,162.9573288,192.4786911,238.3042755,308.2312469,7.200322866,41.84967256,50.95000458
200_145,GOSL,2016,,T,5.682237625,32.81237411,48.26083374,68.12499809,3.573022008,4.921590567,7.176237583,11.65421963,71.27440643,187.5144882,234.9691391,310.4511108,401.0642548,5.682237625,42.57859612,51.73916626
200_146,GOSL,2016,,B,6.129423857,30.22598839,44.37279701,68.07999802,3.243884206,4.479403496,6.737021446,11.53163385,78.12339783,179.1331024,219.9349213,295.4546356,392.6044464,6.129423857,38.24337316,55.62720299
200_147,GOSL,2016,,T,5.740093946,29.04418564,44.1449337,65.86000061,3.40454936,4.826382875,7.388717175,12.62339163,77.96634293,219.3199997,295.6336975,378.8082428,454.1917419,5.740093946,38.40483975,55.8550663
200_148,GOSL,2016,,B,9.14111352,38.59617233,56.34775352,79.07999802,2.361533165,3.082496166,4.400084853,7.900946379,51.48611259,148.779274,194.4318619,263.5475845,330.5816879,9.14111352,47.20664001,43.65224648
200_149,GOSL,2016,,T,7.892026424,35.52462196,56.3372097,88.71500015,2.573759675,3.443410754,5.140681982,9.413486958,53.22183609,111.0395737,129.7625351,155.4033051,185.4260941,7.892026424,48.44518328,43.6627903
200_150,GOSL,2016,,B,8.889834166,40.8337841,64.35041618,94.46499634,2.383506298,3.14255619,4.572875977,8.323951006,43.52420235,93.66951752,108.2645874,127.1429596,147.8957748,8.889834166,55.46058202,35.64958382
200_151,ABURE,2016,,T,0.949760199,4.00875628,5.631566763,9.614999771,50.54025078,84.87469482,130.1127396,190.2421265,321.2621002,434.3453369,464.347641,490.926712,538.2059021,0.949760199,4.681806564,94.36843324
200_152,ABURE,2016,,B,0.79726392,3.231123805,5.085515738,10.04500008,61.48006248,90.62060165,124.1722488,166.6644058,304.6050262,424.2355804,457.5411682,487.2846832,530.3466492,0.79726392,4.288251817,94.91448426
200_153,ABURE,2016,,T,1.217999399,4.889799118,7.3636415,13.6449995,34.61848831,58.79494286,90.3935318,148.2247696,310.1808319,427.7875061,459.9442291,488.5845184,533.1853638,1.217999399,6.145642102,92.6363585
200_154,ABURE,2016,,B,1.715847492,7.401343584,10.64958858,15.80999947,16.10720396,28.81892109,56.662817,126.676342,306.5872345,425.6515961,458.5191345,487.8399963,531.6307068,1.715847492,8.933741093,89.35041142
200_155,ABURE,2016,,T,6.013587236,40.82861137,65.11357498,86.96500015,3.285497308,4.519728184,6.650644779,10.63294458,41.17686081,109.9707031,149.2074814,265.5896149,387.4207306,6.013587236,59.09998775,34.88642502
200_156,ABURE,2016,,B,14.12409163,52.77731323,76.84910583,96.77000046,1.663239062,2.096173763,2.778007865,4.604703665,28.00374317,76.38788986,91.72375488,111.7264023,134.3850632,14.12409163,62.72501421,23.15089417
300_157,IVEE,2017,10,T,13.88531065,63.44490814,88.7921257,99.55499649,,2.269773126,,4.464442492,17.91025925,,65.45109749,81.16978455,99.31074905,13.88531065,74.90681505,11.2078743
300_158,IVEE,2017,10,T,4.808449984,20.56967545,28.44224834,33.46500015,,5.883046865,,17.31443596,495.5415344,,1234.803711,1476.29187,1736.01825,4.808449984,23.63379836,71.55775166
300_159,IVEE,2017,10,T,5.792711735,25.10560989,34.86454964,41.26000023,,4.732816219,,12.66058493,321.3757782,,1036.786865,1313.174744,1610.989502,5.792711735,29.0718379,65.13545036
300_160,IVEE,2017,10,T,6.67920804,28.13069248,38.5535965,44.32999992,,4.123905182,,10.74027586,410.3289948,,1265.358582,1503.813904,1755.773132,6.67920804,31.87438846,61.4464035
300_161,IVEE,2017,10,B,19.91304207,77.84830093,97.64647675,100,,1.624284625,,3.165606737,11.66990995,,44.95871544,54.01612854,64.60059547,19.91304207,77.73343468,2.353523254
300_162,IVEE,2017,10,B,14.3773098,70.35697174,93.50747299,99.93999863,,2.285408258,,4.281466961,14.72949171,,54.54083824,67.51995087,82.84698486,14.3773098,79.13016319,6.492527008
300_163,IVEE,2017,10,B,7.710495949,35.58720779,51.44105148,65.02499771,,3.558407903,,8.843197823,59.06219673,,379.4609833,440.3758087,485.9579163,7.710495949,43.73055553,48.55894852
300_164,IVEE,2017,10,B,5.242774248,23.91586018,33.38971329,39.55999947,,5.227098227,,13.88666773,326.0441132,,1126.807312,1445.101929,1783.936951,5.242774248,28.14693904,66.61028671
300_165,IVEE,2017,20,T,2.26222837,8.211489916,13.38327026,44.95999908,,23.37949371,,70.05227661,133.9038696,,287.6789246,366.8153534,443.8786774,2.26222837,11.12104189,86.61672974
300_166,IVEE,2017,20,T,2.765145779,10.67161608,17.77463913,54.59499931,,15.62211657,,57.64315224,117.4064903,,242.0777206,317.9132843,408.5720825,2.765145779,15.00949335,82.22536087
300_167,IVEE,2017,20,T,2.400212407,8.656634331,13.50106049,44.45999908,,21.33854294,,70.36924362,134.7110138,,292.9160767,372.4846039,448.5185242,2.400212407,11.10084808,86.49893951
300_168,IVEE,2017,20,T,2.384510159,8.498776913,13.2090168,43.77000046,,21.81981087,,71.46918488,136.0907288,,309.0015564,384.6893463,457.2454071,2.384510159,10.82450664,86.7909832
300_169,IVEE,2017,20,B,3.075311661,11.66844416,18.53358459,51.40500069,,13.10532618,,53.90708542,122.4658356,,267.4595337,349.5055389,431.8425446,3.075311661,15.45827293,81.46641541
300_170,IVEE,2017,20,B,2.865276217,11.7036109,17.9906702,48.90499878,,13.345397,,54.18039703,126.9250412,,272.7334747,353.6734619,434.5643005,2.865276217,15.12539399,82.0093298
300_171,IVEE,2017,20,B,2.340016603,8.716546535,13.9581995,44.01999855,,21.90303707,,69.03054047,135.6382675,,303.6854858,380.8248444,454.4158936,2.340016603,11.6181829,86.0418005
300_172,IVEE,2017,20,B,3.13506794,12.4672327,19.02005196,48.35499954,,11.46468687,,50.37788963,128.0957375,,291.021286,371.4417725,447.9554138,3.13506794,15.88498402,80.97994804
300_173,REFU,2017,10,T,1.377447367,5.464220762,8.155624866,19.32999992,,50.46656227,,113.0514755,218.6847229,,422.3699493,468.1785126,498.0191803,1.377447367,6.7781775,91.84437513
300_174,REFU,2017,10,T,1.178856134,4.373814583,6.679240465,18.51000023,,66.68490982,,116.9557953,208.9463501,,412.1767731,462.48349,495.5712433,1.178856134,5.500384331,93.32075953
300_175,REFU,2017,10,T,1.271903098,4.761051416,7.173529863,17.97999954,,61.0712204,,118.0063934,218.4872055,,420.5441437,467.1643982,497.5827026,1.271903098,5.901626766,92.82647014
300_176,REFU,2017,10,T,2.042566061,8.44039011,12.30497599,29.68999958,,21.99332714,,84.25828171,175.2903061,,393.072525,450.2737732,490.3417511,2.042566061,10.26240993,87.69502401
300_177,REFU,2017,10,B,1.404725254,5.161946774,7.371425867,22.32499981,,57.07772636,,107.8415298,194.3107681,,405.1237946,458.5348511,493.9051056,1.404725254,5.966700613,92.62857413
300_178,REFU,2017,10,B,1.82409656,7.004365444,10.04248285,24.07499981,,31.078269,,99.30583954,197.4742279,,411.0568542,461.8883667,495.3570404,1.82409656,8.218386292,89.95751715
300_179,REFU,2017,10,B,3.448123217,15.20572567,23.00647926,43.64999962,,9.155448437,,34.27291584,142.3575974,,376.7718048,437.9128265,484.9216309,3.448123217,19.55835605,76.99352074
300_180,REFU,2017,10,B,0,1.552336752,4.708741426,15.48499966,,84.06600952,,126.8747406,256.6707764,,441.7509918,478.8239136,512.559021,0,4.708741426,95.29125857
300_181,REFU,2017,20,T,3.166056037,12.22875595,19.44104671,58.32999992,,12.73114538,,51.79860687,112.166275,,216.7958527,277.7380981,375.5715485,3.166056037,16.27499068,80.55895329
300_182,REFU,2017,20,T,4.012193918,15.91531849,26.11008263,69.88999939,,8.690036774,,31.47406197,95.98608398,,181.6646042,223.6845703,312.5181274,4.012193918,22.09788871,73.88991737
300_183,REFU,2017,20,T,3.395122647,13.71478176,21.76161098,63.46499825,,10.87583065,,43.0571537,105.5114479,,193.2850876,235.1324997,317.8170776,3.395122647,18.36648834,78.23838902
300_184,REFU,2017,20,T,4.030371189,15.97295094,26.3407774,68.90499878,,8.573429585,,31.16362286,96.3702774,,187.8474045,235.8250961,339.1441498,4.030371189,22.31040621,73.6592226
300_185,REFU,2017,20,B,4.454448342,17.3051095,28.05115891,71.20500183,,7.624104977,,27.99440098,93.73570633,,176.8733368,213.8623199,281.8169556,4.454448342,23.59671056,71.94884109
300_186,REFU,2017,20,B,4.062088966,15.78055716,26.31724453,68.75,,8.734476089,,31.88771629,96.40889359,,188.7509537,237.2632294,340.0005798,4.062088966,22.25515556,73.68275547
300_187,REFU,2017,20,B,3.42389524,13.85681915,22.33819771,62.28999901,,10.76573229,,42.02309227,105.8524094,,209.5583191,273.9295502,376.7419281,3.42389524,18.91430247,77.66180229
300_188,REFU,2017,20,B,3.465905786,13.53451395,22.18387985,64.33999825,,11.00596857,,44.30353737,103.500351,,199.4886475,253.7816696,352.5286255,3.465905786,18.71797407,77.81612015
300_189,AQUE,2017,10,T,2.060679197,8.156862259,12.07486296,50.73999977,,24.82572556,,73.14588547,123.9469986,,240.0195007,316.4012604,408.7908173,2.060679197,10.01418376,87.92513704
300_190,AQUE,2017,10,T,1.719652534,6.902381182,9.905174732,43.49499893,,32.00268841,,81.08715057,134.9016724,,277.1783295,358.3516235,438.6315155,1.719652534,8.185522199,90.09482527
300_191,AQUE,2017,10,T,1.565006614,6.011733532,8.695448875,41.66499901,,45.05381584,,84.31000519,137.6774979,,278.1880951,357.6130676,437.3083801,1.565006614,7.130442262,91.30455112
300_192,AQUE,2017,10,T,2.372282982,9.715354443,14.93817282,52.74499893,,19.55841446,,65.39635086,120.8963203,,244.6096802,324.6544037,415.9025421,2.372282982,12.56588984,85.06182718
300_193,AQUE,2017,10,B,2.446315169,9.932143211,16.00637436,56.36499786,,18.98921204,,62.13322258,115.5285072,,236.543335,320.4107513,414.5827789,2.446315169,13.56005919,83.99362564
300_194,AQUE,2017,10,B,2.508839846,10.34171915,15.91523695,53.46500015,,17.44083881,,62.65140915,119.6016426,,256.1397781,343.927124,430.4162903,2.508839846,13.4063971,84.08476305
300_195,AQUE,2017,10,B,2.383508801,9.905314922,15.53148031,58.35499954,,19.16943645,,63.55945396,113.3995094,,212.5672913,279.9487305,385.8204041,2.383508801,13.14797151,84.46851969
300_196,AQUE,2017,10,B,2.331332207,10.01919889,15.79949808,52.06999969,,18.7643795,,62.92418098,121.6182709,,276.8400421,363.4533997,443.9883118,2.331332207,13.46816587,84.20050192
300_197,AQUE,2017,20,T,3.369838238,14.09950161,26.01655388,81.01499939,,11.82971525,,40.30620003,87.7859726,,144.54702,163.5639877,185.0561752,3.369838238,22.64671564,73.98344612
300_198,AQUE,2017,20,T,3.386093378,13.98634386,26.5244379,81.81500244,,12.12756968,,40.23900223,86.82322311,,143.2674255,161.6220551,181.2156219,3.386093378,23.13834453,73.4755621
300_199,AQUE,2017,20,T,3.145012736,13.46415377,25.76693153,81.92499924,,13.08467293,,43.54862976,87.0667572,,143.0046158,161.2617569,180.8101349,3.145012736,22.6219188,74.23306847
300_200,AQUE,2017,20,T,2.87503624,12.2928071,22.99767017,78.42499924,,15.14225864,,49.08584595,91.36875153,,149.1311874,169.0821075,193.1219406,2.87503624,20.12263393,77.00232983
300_201,AQUE,2017,20,B,3.570017815,14.64516592,25.4437933,78.88999939,,10.3453908,,37.91924858,89.95996094,,148.6169357,168.7603149,192.9678726,3.570017815,21.87377548,74.5562067
300_202,AQUE,2017,20,B,4.186704397,17.80976582,30.35340023,82.40999985,,7.931468248,,25.90629578,84.53901672,,142.4977264,161.0434189,180.8783951,4.186704397,26.16669583,69.64659977
300_203,AQUE,2017,20,B,3.468691826,14.96798372,25.31659508,77.88000107,,10.28511572,,35.99416351,90.96189117,,150.894577,171.6805878,196.7885971,3.468691826,21.84790325,74.68340492
300_204,AQUE,2017,20,B,3.628711104,15.06689882,27.295784,80.86999893,,10.30331182,,35.73751163,87.22872543,,145.1243896,164.4253769,186.3294144,3.628711104,23.66707289,72.704216
300_205,AHND,2017,10,T,2.448557854,9.369791031,13.50326395,57.50499916,,20.44359684,,68.63751602,115.3890305,,198.1922836,238.151619,322.0440369,2.448557854,11.0547061,86.49673605
300_206,AHND,2017,10,T,1.974220097,8.216068268,11.89203501,56.97000122,,24.88184357,,72.32674789,116.3332939,,197.0973129,236.1726456,318.0520325,1.974220097,9.91781491,88.10796499
300_207,AHND,2017,10,T,1.930838525,8.066175938,11.54410648,56.02000046,,25.50417233,,73.27957153,117.4422722,,200.5706558,241.9497452,337.513092,1.930838525,9.613267958,88.45589352
300_208,AHND,2017,10,T,1.974101186,8.37033844,12.25099134,59.17000008,,24.34725094,,71.17855453,114.0507698,,189.3383942,221.1470261,278.6536942,1.974101186,10.27689016,87.74900866
300_209,AHND,2017,10,B,2.796028376,12.13335276,19.13639832,62.22499847,,14.11821461,,52.67526054,108.0389442,,199.1149216,254.3985977,367.5005646,2.796028376,16.34036994,80.86360168
300_210,AHND,2017,10,B,2.394886613,10.63646364,16.77609634,55,,17.52070522,,59.75190353,117.4601097,,233.8287277,314.3056946,409.7935944,2.394886613,14.38120973,83.22390366
300_211,AHND,2017,10,B,2.14816463,8.979190826,13.46755981,53.52999878,,22.02534771,,69.44571686,120.1047325,,216.534523,272.8797302,370.6266327,2.14816463,11.31939518,86.53244019
300_212,AHND,2017,10,B,2.292390704,9.328540325,14.30189419,58.57500076,,21.15915394,,66.35166168,113.9237747,,196.3380585,235.3736267,310.7891998,2.292390704,12.00950348,85.69810581
300_213,AHND,2017,20,T,3.700473428,15.81871462,27.45799351,81.17499924,,9.530334949,,31.71131802,87.18801498,,144.5963898,163.1022339,182.7579346,3.700473428,23.75752008,72.54200649
300_214,AHND,2017,20,T,3.035139441,12.97299957,23.4104681,77.34999847,,13.47560596,,46.33118248,92.04954529,,151.8597107,172.6472702,197.7586212,3.035139441,20.37532866,76.5895319
300_215,AHND,2017,20,T,3.267359853,13.94209623,22.66899776,75.27000046,,11.18821144,,44.11821175,94.56226349,,156.3011856,177.9987717,204.4097137,3.267359853,19.40163791,77.33100224
300_216,AHND,2017,20,T,2.854174495,12.36603975,20.48243427,74.9149971,,14.04819918,,52.64284515,95.98892593,,155.8643951,176.8889694,202.20121,2.854174495,17.62825978,79.51756573
300_217,AHND,2017,20,B,2.579955459,11.20927477,19.1211319,74.39500046,,16.84902143,,56.21774673,96.83486557,,156.7926178,177.9635925,203.6445618,2.579955459,16.54117644,80.8788681
300_218,AHND,2017,20,B,3.470117927,14.89888906,24.58122826,76.77499771,,10.29973507,,37.02448273,92.31287384,,153.3597717,174.6452408,200.1647339,3.470117927,21.11111033,75.41877174
300_219,AHND,2017,20,B,3.095082283,12.45861101,20.78544426,74.99000168,,13.25492191,,52.1884861,95.58488846,,156.2585526,177.6478806,203.5967026,3.095082283,17.69036198,79.21455574
300_220,AHND,2017,20,B,2.645237327,11.1230135,18.15318775,72.46500015,,16.77408314,,57.79186821,99.12708664,,160.3880768,182.2667999,208.5367432,2.645237327,15.50795043,81.84681225
300_221,ABUR,2017,10,T,1.805573285,7.110590696,10.01566458,51.63499832,,30.45251465,,79.42309952,123.0473824,,192.4777985,217.4507599,244.7760468,1.805573285,8.210091293,89.98433542
300_222,ABUR,2017,10,T,1.770140946,7.181655645,9.973959446,52.63499832,,30.01243973,,78.44789886,121.8281288,,193.7761078,221.0636749,250.5231018,1.770140946,8.2038185,90.02604055
300_223,ABUR,2017,10,T,1.947533786,7.975394249,11.56945038,53.95499992,,26.32896805,,75.02703857,120.1822701,,191.9713058,218.7486343,247.9756622,1.947533786,9.621916592,88.43054962
300_224,ABUR,2017,10,T,2.040689766,8.240999699,11.96310234,55.26499939,,25.23947811,,73.77203369,118.7599297,,190.3919754,215.5537491,243.7276535,2.040689766,9.922412574,88.03689766
300_225,ABUR,2017,10,B,2.738090992,10.63085651,15.16770506,58.32499886,,16.89955187,,65.0068531,115.1361427,,186.3662186,209.9028473,237.2004242,2.738090992,12.42961407,84.83229494
300_226,ABUR,2017,10,B,2.891593695,12.10937023,17.5069561,58.57999992,,13.87396526,,55.32726479,114.3396225,,189.8878403,216.915863,245.8911896,2.891593695,14.61536241,82.4930439
300_227,ABUR,2017,10,B,2.826498747,10.70349216,15.09551191,55.63499832,,16.41396666,,65.2784977,117.8757744,,190.6471176,217.3267975,246.9066925,2.826498747,12.26901317,84.90448809
300_228,ABUR,2017,10,B,3.921812654,16.80792141,24.35215282,63.34499931,,8.366402149,,28.63047886,107.0824432,,182.1114502,206.7233505,235.1217499,3.921812654,20.43034017,75.64784718
300_229,ABUR,2017,20,T,4.237793446,17.3049736,35.91374207,88.36999893,,8.377709866,,27.38418388,75.60041809,,129.2986984,147.6898117,168.7761307,4.237793446,31.67594862,64.08625793
300_230,ABUR,2017,20,T,3.811871767,15.88450289,33.85100746,86.68499756,,9.908515453,,31.45683193,77.88276291,,133.6433182,152.3496933,173.334671,3.811871767,30.03913569,66.14899254
300_231,ABUR,2017,20,T,4.871439219,21.89760303,41.7121067,89.61999893,,6.369321585,,19.89128113,70.82451248,,126.1072807,144.685463,166.4275131,4.871439219,36.84066749,58.2878933
300_232,ABUR,2017,20,T,2.844783306,12.37796497,28.91248608,85.26499557,,16.48625088,,44.62524796,81.74873352,,136.66642,155.2661972,175.755661,2.844783306,26.06770277,71.08751392
300_233,ABUR,2017,20,B,4.746045113,18.89264774,32.35051823,81.20999908,,6.715003967,,23.4763422,83.04956818,,146.8564453,168.9889603,194.8979034,4.746045113,27.60447311,67.64948177
300_234,ABUR,2017,20,B,3.814590573,15.10453796,27.28243828,79.39500046,,9.591548443,,35.18222237,87.64926529,,149.1880722,170.7019272,196.7797699,3.814590573,23.4678477,72.71756172
300_235,ABUR,2017,20,B,4.84052062,20.71800518,36.90665054,85.59499741,,6.348988533,,20.63691807,76.94521713,,136.5102158,155.7654953,176.6423111,4.84052062,32.06612992,63.09334946
300_236,ABUR,2017,20,B,4.532211304,18.76691818,34.55561256,84.95000076,,7.199120522,,23.91344261,79.02943802,,137.7768555,156.9252777,177.5835266,4.532211304,30.02340126,65.44438744
300_237,MOHK,2017,10,T,1.427676558,5.168015242,7.343027353,31.51499939,,56.55415916,,97.82897568,153.8231659,,309.0272369,382.1665497,454.5521698,1.427676558,5.915350795,92.65697265
300_238,MOHK,2017,10,T,1.348900676,4.676199913,6.605754137,28.07500076,,67.52473831,,102.5584564,161.2693176,,336.1130981,399.5809479,467.2875671,1.348900676,5.256853461,93.39424586
300_239,MOHK,2017,10,T,1.340051949,4.612776756,6.593877554,27.96000004,,67.32986832,,102.5476913,161.9632874,,340.8695984,404.1204681,469.5157166,1.340051949,5.253825605,93.40612245
300_240,MOHK,2017,10,T,1.272569656,4.088127136,5.932031631,28.19499874,,74.28206253,,103.5448303,158.8994522,,304.267395,377.2372437,449.7530975,1.272569656,4.659461975,94.06796837
300_241,MOHK,2017,10,B,1.23713392,4.117041469,5.83685565,25.48999977,,74.480793,,106.1229324,169.9457626,,368.5361938,429.6962891,481.2369232,1.23713392,4.59972173,94.16314435
300_242,MOHK,2017,10,B,1.349557877,4.50436306,6.423572063,27.14999962,,69.3283577,,103.3851662,165.1930847,,356.7178955,419.3087463,476.5665894,1.349557877,5.074014187,93.57642794
300_243,MOHK,2017,10,B,1.15474689,3.746880054,5.404539108,25.75500011,,78.69945526,,106.7760582,166.1557312,,348.6951447,411.0230713,472.7238312,1.15474689,4.249792218,94.59546089
300_244,MOHK,2017,10,B,1.336473823,4.375960588,6.264509916,27.13500023,,70.91432953,,103.8118706,164.2530212,,350.1306763,412.9926453,473.6524658,1.336473823,4.928036094,93.73549008
300_245,MOHK,2017,20,T,3.210772634,12.605196,21.40437984,62.23000145,,12.21168137,,48.14334488,105.6823235,,228.6972885,320.9833069,417.0771332,3.210772634,18.19360721,78.59562016
300_246,MOHK,2017,20,T,3.769027829,14.24291992,23.51376534,61.66499901,,9.651485443,,39.47902298,104.9930763,,275.1257019,368.8939362,448.8449554,3.769027829,19.74473751,76.48623466
300_247,MOHK,2017,20,T,3.518808722,13.66829538,22.49240208,58.31999969,,10.61608553,,42.01065254,110.052639,,307.7910919,388.6003571,460.8496704,3.518808722,18.97359335,77.50759792
300_248,MOHK,2017,20,T,3.53668797,13.99856997,24.02948475,61.48999977,,10.23971367,,40.25916672,104.1389236,,318.8062286,396.5511627,465.6758423,3.53668797,20.49279678,75.97051525
300_249,MOHK,2017,20,B,3.712359786,13.88425303,21.80317116,56.80999947,,9.761639118,,42.34493065,112.5268135,,322.0793152,397.6441803,466.3201752,3.712359786,18.09081137,78.19682884
300_250,MOHK,2017,20,B,4.100966215,17.24236679,27.49383831,63.35500145,,7.662188292,,26.80727386,100.7788315,,273.7754059,367.442688,448.0332642,4.100966215,23.3928721,72.50616169
300_251,MOHK,2017,20,B,4.154933453,17.94291115,28.99686527,64.4299984,,7.516702175,,25.08791065,97.92263031,,305.5024567,388.194519,460.8900452,4.154933453,24.84193182,71.00313473
300_252,MOHK,2017,20,B,3.714546084,14.92957878,23.43115902,56.5,,8.954016209,,35.96511269,112.3077965,,335.901947,408.0176697,471.4374542,3.714546084,19.71661294,76.56884098
300_253,GOLB,2017,10,T,1.71139586,6.789429188,13.13118219,49.89500046,,34.5874691,,68.013237,125.359417,,342.1993713,410.4958649,472.5209198,1.71139586,11.41978633,86.86881781
300_254,GOLB,2017,10,T,2.16918087,8.327717304,15.53788662,54.44499969,,23.38170242,,63.30748177,116.8806648,,332.0088959,404.0639343,469.1591492,2.16918087,13.36870575,84.46211338
300_255,GOLB,2017,10,T,1.874692321,7.343693256,14.70155334,55.09499931,,28.37266159,,64.64398193,115.91008,,325.7927856,398.8037262,466.9176025,1.874692321,12.82686102,85.29844666
300_256,GOLB,2017,10,T,2.080159843,8.285547972,15.93994093,57.78999901,,24.1350174,,62.41632271,111.6424904,,314.1507263,391.8474579,462.6875458,2.080159843,13.85978109,84.06005907
300_257,GOLB,2017,10,B,1.653636694,6.343656778,11.4670105,43.02000046,,40.63058662,,73.25402832,140.5112915,,368.9132843,431.6513672,482.117691,1.653636694,9.813373804,88.5329895
300_258,GOLB,2017,10,B,2.40909934,9.263754368,16.60108662,51.3049984,,20.07303143,,60.9666996,122.2889366,,357.1230927,423.2999878,478.3636017,2.40909934,14.19198728,83.39891338
300_259,GOLB,2017,10,B,2.423380852,9.230926514,16.40183449,50.875,,20.31275082,,61.39921761,123.1690445,,359.4524689,425.1195526,479.2617493,2.423380852,13.97845364,83.59816551
300_260,GOLB,2017,10,B,2.024133384,8.311769009,15.88724947,52.19499969,,23.84327793,,62.6017189,120.5959244,,350.7126007,418.1340027,476.0148926,2.024133384,13.86311609,84.11275053
300_261,GOLB,2017,20,T,3.402212262,13.033916,21.37199306,55.08499908,,10.71687698,,46.14348221,115.9552345,,226.0825195,277.7076263,359.2873993,3.402212262,17.9697808,78.62800694
300_262,GOLB,2017,20,T,3.245127797,13.08897924,20.81775475,51.96500015,,10.77364063,,45.66587257,121.3561211,,236.0935745,291.4391937,378.4791718,3.245127797,17.57262695,79.18224525
300_263,GOLB,2017,20,T,3.155057788,11.68153429,18.97061443,51.0549984,,12.67787647,,53.32227516,123.09058,,236.9117432,292.1631165,379.2164764,3.155057788,15.81555665,81.02938557
300_264,GOLB,2017,20,T,3.039368153,11.19829416,17.992383,48.59500122,,13.60172892,,55.8461628,127.4358521,,241.3460083,296.9361877,384.0682373,3.039368153,14.95301485,82.007617
300_265,GOLB,2017,20,B,2.845044255,11.54796076,18.44163132,46.95499992,,13.29122066,,53.34856796,130.4001389,,247.3595276,308.8915863,393.126297,2.845044255,15.59658706,81.55836868
300_266,GOLB,2017,20,B,2.937436461,11.92653513,19.04674625,47.86499977,,12.54186058,,51.32204056,128.7939568,,244.2895355,302.2987976,387.9342499,2.937436461,16.10930979,80.95325375
300_267,GOLB,2017,20,B,2.409929156,9.941272736,15.50812483,42.44499969,,16.8085022,,64.44089508,137.8428345,,256.2515259,320.2389832,398.8325653,2.409929156,13.09819567,84.49187517
300_268,GOLB,2017,20,B,2.90278244,11.22312689,17.44392681,46.44499969,,13.5305748,,56.90344429,131.1229019,,243.6501694,299.2522736,385.8603821,2.90278244,14.54114437,82.55607319
300_269,MICR,2017,10,T,4.015739679,19.54977608,39.731493,66.9149971,,7.902643919,,23.16239452,76.51986313,,377.4879456,439.3151245,485.5231628,4.015739679,35.71575332,60.268507
300_270,MICR,2017,10,T,3.096953273,13.18880081,29.51571274,54.29999924,,12.59417343,,39.68368149,103.7936974,,403.8439484,457.7928772,493.5662689,3.096953273,26.41875947,70.48428726
300_271,MICR,2017,10,T,2.920158148,12.57319307,25.56820774,45.54500008,,12.93844557,,42.63783264,165.9145432,,423.4580078,468.8020782,498.3089905,2.920158148,22.64804959,74.43179226
300_272,MICR,2017,10,T,3.333508968,16.64004517,40.73790359,74.37499619,,10.46795034,,29.41311455,72.14326096,,337.4186096,408.6611023,471.6394653,3.333508968,37.40439463,59.26209641
300_273,MICR,2017,10,B,4.923133373,23.916996,45.54679298,73.29499817,,5.943721533,,17.27186394,68.1690979,,351.4998627,420.2952118,476.9994202,4.923133373,40.62365961,54.45320702
300_274,MICR,2017,10,B,3.77644968,19.35272694,41.80548096,72.40499878,,8.542657852,,23.96521759,72.00402451,,359.319458,426.0109711,479.5287781,3.77644968,38.02903128,58.19451904
300_275,MICR,2017,10,B,3.179888368,16.17021704,34.57985497,58.53999901,,11.36226654,,30.59779453,90.01633072,,399.8867645,455.1847687,492.4756927,3.179888368,31.3999666,65.42014503
300_276,MICR,2017,10,B,3.742290854,18.65800667,39.28863335,69.31000137,,8.752295971,,25.05434036,76.11746979,,364.1082764,429.5119324,481.2110748,3.742290854,35.54634249,60.71136665
300_277,MICR,2017,20,T,6.199630499,24.75089836,32.34306335,42.25499916,,4.409492016,,11.86581326,157.5668411,,399.5955353,455.1046906,492.4244995,6.199630499,26.14343286,67.65693665
300_278,MICR,2017,20,T,6.321540117,25.13477039,33.36084461,44.55999947,,4.319894552,,11.77258682,145.6613541,,385.8388672,444.7019043,487.908493,6.321540117,27.03930449,66.63915539
300_279,MICR,2017,20,T,3.949156165,14.58749008,19.51389027,30.21000004,,7.99136591,,38.69207382,204.7097397,,422.8401489,468.4585571,498.1592407,3.949156165,15.5647341,80.48610973
300_280,MICR,2017,20,T,7.936237335,32.16821003,42.63212013,53.96999931,,3.449050188,,8.772409439,106.7482071,,369.8779602,432.6197052,482.5554352,7.936237335,34.6958828,57.36787987
300_281,MICR,2017,20,B,9.478742123,37.20853233,48.0795536,57.3049984,,2.963374615,,7.15791893,78.1929245,,367.2215881,430.5747986,481.6198273,9.478742123,38.60081148,51.9204464
300_282,MICR,2017,20,B,11.38126278,42.95544243,55.12742996,65.09999847,,2.557505488,,5.756712914,45.33403397,,329.218338,400.7004395,467.738327,11.38126278,43.74616718,44.87257004
300_283,MICR,2017,20,B,10.50445032,41.82208824,54.48800278,64.55500031,,2.724674821,,6.31701088,47.2059803,,338.1944733,407.4888458,471.152771,10.50445032,43.98355246,45.51199722
300_284,MICR,2017,20,B,11.90489912,48.83731461,64.11148071,74.21999741,,2.507759809,,5.352081537,32.81943703,,271.4798126,362.4225769,443.1064911,11.90489912,52.20658159,35.88851929
200_285,GOSL,2017,,T,0,2.880864859,5.343128681,14.92999983,,81.25534439,,129.0058556,245.8060989,,435.4929657,475.4082336,505.3698578,0,5.343128681,94.65687132
200_286,GOSL,2017,,B,0,0,1.358711064,7.414999962,,121.9526405,,168.5173416,296.8095398,,454.610733,485.7140045,526.9772339,0,1.358711064,98.64128894
200_287,GOSL,2017,,T,3.659556508,14.05130577,21.27703571,40.82500076,,9.454136848,,40.07607841,153.3808975,,391.818573,449.3284454,489.9315948,3.659556508,17.61747921,78.72296429
200_288,GOSL,2017,,B,7.087093353,31.17563438,45.27735519,65.10499573,,3.851206779,,9.944992542,75.98493576,,318.0388641,393.3330231,463.4959106,7.087093353,38.19026184,54.72264481
200_289,GOSL,2017,,T,13.10632992,59.08732796,79.23577118,93.66999817,,2.551036835,,4.656850576,19.69730949,,104.2244186,134.5393677,166.6452332,13.10632992,66.12944126,20.76422882
200_290,GOSL,2017,,B,10.70789194,47.1625061,69.25225067,92.29999542,,2.810843587,,6.010715723,34.63088608,,115.0130272,141.3009491,171.2666931,10.70789194,58.54435873,30.74774933
200_291,GOSL,2017,,T,10.75205898,61.81567192,91.37725449,99.96500015,,2.838941693,,5.713004827,21.05017757,,60.19425392,71.44930649,83.94261551,10.75205898,80.6251955,8.622745514
200_292,GOSL,2017,,B,10.52047253,55.94186211,82.72799683,98.57500076,,2.872143865,,5.908376455,25.12635517,,78.89074326,97.49286652,118.7883873,10.52047253,72.2075243,17.27200317
200_293,ABURE,2017,,T,0.896834016,2.607425451,3.537245393,6.859999895,,128.4651184,,222.8830414,333.1894684,,468.9915161,493.3782654,543.4709473,0.896834016,2.640411377,96.46275461
200_294,ABURE,2017,,B,26.49787331,78.97150421,97.86972427,100,,1.399066687,,2.438070178,10.01992702,,44.21128082,53.16254425,63.19289207,26.49787331,71.37185097,2.130275726
200_295,ABURE,2017,,T,0,0,1.164229453,5.304999828,,148.7940292,,217.6650467,329.6821442,,467.6463318,492.6756287,541.970459,0,1.164229453,98.83577055
200_296,ABURE,2017,,B,0,0,1.342716277,7.445000172,,120.8276711,,186.2743073,316.1535187,,462.2912903,489.8329468,535.8540344,0,1.342716277,98.65728372
200_297,ABURE,2017,,T,3.29735148,12.29250622,17.94965458,35.09499931,,10.65027094,,52.59761238,179.7015381,,409.2725372,460.8807068,494.9189911,3.29735148,14.6523031,82.05034542
200_298,ABURE,2017,,B,4.404230356,17.81748295,24.64365864,34.70999908,,6.629492998,,23.69820881,215.3919144,,430.8199615,472.8707275,500.2269135,4.404230356,20.23942828,75.35634136
300_299,IVEE,2017,20,T,2.802521825,10.86575651,16.52578688,47.76499939,,14.64324856,,60.47303581,128.9704628,,279.0154724,359.2945709,438.556839,2.802521825,13.72326505,83.47421312
300_300,IVEE,2017,20,T,2.744949937,10.35062981,16.13669729,48.30500031,,16.57655144,,61.7203064,127.9291801,,263.0732574,339.7337189,422.3439636,2.744949937,13.39174736,83.86330271
300_301,IVEE,2017,20,T,2.870801687,11.16826296,17.38031292,51.92500114,,14.18056631,,57.96595383,121.7401123,,247.1067734,322.2574615,409.0729523,2.870801687,14.50951123,82.61968708
300_302,IVEE,2017,20,T,3.062891245,11.43615437,17.82071686,51.46500015,,13.2740736,,56.56815147,122.4252815,,255.7275085,335.5812683,420.3138123,3.062891245,14.75782561,82.17928314
300_303,IVEE,2017,20,B,2.767249584,10.91597986,16.66821289,45.54000092,,14.63247633,,59.65366745,133.2025452,,290.2914276,369.451355,445.9384155,2.767249584,13.90096331,83.33178711
300_304,IVEE,2017,20,B,2.95891428,10.90268326,16.67515612,46.6099987,,14.38549948,,59.76550102,131.1434669,,288.1345673,367.3476715,444.2433624,2.95891428,13.71624184,83.32484388
300_305,IVEE,2017,20,B,2.90981853,11.32968426,17.73929214,47.34500122,,14.0705266,,56.10715294,130.0618553,,301.9245453,379.2831421,453.4861298,2.90981853,14.82947361,82.26070786
300_306,IVEE,2017,20,B,3.001197696,13.07767916,19.9051199,49.05999947,,11.3101263,,46.30011749,126.7488632,,277.7277679,357.7970123,437.2319183,3.001197696,16.9039222,80.0948801
300_307,REFU,2017,10,T,3.324108362,16.31808376,24.55522823,40.85499954,,8.925483465,,30.17796993,165.7045746,,413.6339722,463.337204,495.9828186,3.324108362,21.23111987,75.44477177
300_308,REFU,2017,10,T,1.926607847,9.865585804,14.57971621,21.97500038,,17.51615286,,74.92564774,469.7785339,,1086.530365,1288.855042,1511.226501,1.926607847,12.65310836,85.42028379
300_309,REFU,2017,10,T,1.59036082,6.813938141,10.30531883,23.53999901,,32.96391582,,98.024189,202.3039398,,411.4381561,462.0933228,495.4330902,1.59036082,8.714958012,89.69468117
300_310,REFU,2017,10,T,2.315881252,10.9227581,16.34898853,30.38500023,,15.05020189,,62.15100479,193.6338882,,413.5809784,463.2631989,495.8988037,2.315881252,14.03310728,83.65101147
300_311,REFU,2017,10,B,0,1.370256484,4.128031611,10.87000036,,93.13432312,,167.4141235,448.6851807,,908.3540344,1077.06781,1280.9823,0,4.128031611,95.87196839
300_312,REFU,2017,10,B,18.14702702,91.29485703,99.94852829,100,,2.166091681,,3.566527486,10.52049828,,29.43489456,36.74842834,43.95266914,18.14702702,81.80150127,0.05147171
300_313,REFU,2017,10,B,17.20025253,84.59151459,99.7354393,100,,2.152481675,,3.658975601,11.8425765,,36.78544807,43.79766083,50.84602165,17.20025253,82.53518677,0.264560699
300_314,REFU,2017,10,B,19.08776093,81.2714119,98.30251694,100,,1.870829165,,3.337309837,11.36614752,,41.99495697,50.86824417,60.70479584,19.08776093,79.21475601,1.697483063
300_315,REFU,2017,20,T,4.587638378,20.90323257,34.21143341,75.63499832,,6.674357176,,20.42472744,85.17815018,,166.9922028,201.0669098,259.7460022,4.587638378,29.62379503,65.78856659
300_316,REFU,2017,20,T,4.304739714,18.24155045,31.55419445,74.65500259,,7.73359251,,25.24842739,87.59888458,,169.0123291,202.6471786,258.0158539,4.304739714,27.24945474,68.44580555
300_317,REFU,2017,20,T,3.864829063,16.1506114,26.87114906,70.5399971,,8.929833412,,30.62796402,94.11493301,,185.1752625,234.588295,341.659256,3.864829063,23.00632,73.12885094
300_318,REFU,2017,20,T,4.037281632,17.6927309,28.83104897,70.83499908,,7.945379734,,25.82450485,92.93563461,,183.752243,231.187645,330.6204681,4.037281632,24.79376733,71.16895103
300_319,REFU,2017,20,B,3.599565625,14.85204506,24.54535007,67.18999863,,9.839156151,,36.789217,98.68317795,,195.2824936,249.7471771,358.7530823,3.599565625,20.94578445,75.45464993
300_320,REFU,2017,20,B,3.887615561,19.78787327,32.3899765,73.42499924,,7.629882813,,21.96788597,87.6404686,,180.3423004,231.9558868,341.781311,3.887615561,28.50236094,67.6100235
300_321,REFU,2017,20,B,4.395071268,20.14777088,33.08857632,75.61499786,,6.925903559,,21.12948227,85.70669937,,168.1972809,205.2584534,273.0269928,4.395071268,28.69350505,66.91142368
300_322,REFU,2017,20,B,4.086767673,17.23597193,29.06804085,73.72499847,,8.104502678,,27.94412518,90.26332855,,171.3008041,206.3533707,265.6087494,4.086767673,24.98127317,70.93195915
300_323,AQUE,2017,10,T,0,0,5.802997351,56.875,,64.51290894,,77.82899094,116.4244614,,214.2115631,289.5944824,396.8870087,0,5.802997351,94.19700265
300_324,AQUE,2017,10,T,0,0,7.552593708,61.28499985,,61.24477196,,74.38201904,111.2829971,,196.8717194,250.45224,371.2346039,0,7.552593708,92.44740629
300_325,AQUE,2017,10,T,0,0,6.853305817,64.21000099,,62.62450409,,74.83359909,109.1639023,,175.9682083,199.6847534,229.1527328,0,6.853305817,93.14669418
300_326,AQUE,2017,10,T,0,0,6.792051554,59.90999985,,62.79817772,,75.69552994,112.9000473,,200.0219193,257.9140549,375.5575714,0,6.792051554,93.20794845
300_327,AQUE,2017,10,B,3.174799681,13.50836992,21.45503616,67.34500122,,12.10027409,,44.71859932,101.8209229,,181.1354904,217.7588043,289.4253006,3.174799681,18.28023648,78.54496384
300_328,AQUE,2017,10,B,2.78784883,12.18255901,19.60550976,64.83499908,,14.28085041,,52.62990379,104.6778831,,193.8947372,248.5188599,356.983963,2.78784883,16.81766093,80.39449024
300_329,AQUE,2017,10,B,2.85144031,12.2777276,19.85783863,64.60000038,,13.99741316,,52.13022423,104.5352554,,198.5506973,262.7101669,375.2073822,2.85144031,17.00639832,80.14216137
300_330,AQUE,2017,10,B,2.834355593,12.78004503,20.79358768,63.36499977,,13.18357563,,48.35224533,105.3622017,,206.7536392,280.4689026,388.9328003,2.834355593,17.95923209,79.20641232
300_331,AQUE,2017,20,T,4.216814756,18.65987301,32.34892464,83.74499893,,7.741653204,,24.09955406,82.0592804,,139.8971481,158.6654892,178.7779694,4.216814756,28.13210988,67.65107536
300_332,AQUE,2017,20,T,4.175801992,17.03607368,29.45818806,82.125,,8.211702824,,27.71048546,85.19858932,,143.0301971,161.583168,181.3862305,4.175801992,25.28238606,70.54181194
300_333,AQUE,2017,20,T,3.886787534,16.51925659,29.56485844,82.77000046,,8.905897141,,29.33926105,84.46081924,,141.7158661,160.1641846,179.9595184,3.886787534,25.6780709,70.43514156
300_334,AQUE,2017,20,T,3.531765699,15.35737085,28.5012188,82.74500275,,10.62714434,,33.97391033,85.01438141,,141.5960617,160.100174,179.9576111,3.531765699,24.9694531,71.4987812
300_335,AQUE,2017,20,B,3.192370296,13.52304029,22.54896927,75.47999954,,12.09527874,,45.86411476,94.31559753,,155.8703384,177.4790039,203.6365738,3.192370296,19.35659897,77.45103073
300_336,AQUE,2017,20,B,0,0,8.470161438,70.625,,59.86519241,,71.66799164,103.1143494,,161.6707993,183.0337143,208.6085892,0,8.470161438,91.52983856
300_337,AQUE,2017,20,B,3.601242065,15.21300316,28.0032053,82.09000015,,10.43621635,,34.19060898,85.78373718,,142.9922562,161.4769974,181.2175674,3.601242065,24.40196323,71.9967947
300_338,AQUE,2017,20,B,3.227412701,13.38336992,23.26839638,77.78000259,,12.34876442,,46.1763382,91.93476105,,150.5707474,170.9242783,195.5889435,3.227412701,20.04098368,76.73160362
300_339,AHND,2017,10,T,16.93111038,81.71571732,99.19993973,100,,2.105046153,,3.701480031,11.93282843,,40.44816399,48.2283287,56.23779106,16.93111038,82.26882935,0.800060272
300_340,AHND,2017,10,T,22.40970612,93.88706589,99.93762207,100,,1.864131272,,2.994365215,8.974459171,,26.49836159,33.37358475,39.87158012,22.40970612,77.52791595,0.06237793
300_341,AHND,2017,10,T,3.908182859,19.35942841,31.68861008,76.4849968,,8.069343805,,23.59516811,88.05229187,,157.4470444,181.4252701,209.8246994,3.908182859,27.78042722,68.31138992
300_342,AHND,2017,10,T,0,0,4.700752378,57.74499893,,67.09277725,,80.14781189,116.4089508,,191.0393753,224.8163528,291.485199,0,4.700752378,95.29924762
300_343,AHND,2017,10,B,2.685961604,11.56990147,17.87078381,61.04500008,,15.37924337,,56.3538208,109.982296,,199.6738892,253.3705826,344.5869446,2.685961604,15.1848222,82.12921619
300_344,AHND,2017,10,B,0,0,4.17855835,52.52000046,,68.44937897,,82.54395676,121.9073181,,214.7345047,276.6621857,380.7611084,0,4.17855835,95.82144165
300_345,AHND,2017,10,B,2.903719544,11.7750721,18.13120365,61.77499962,,14.55960274,,55.76450348,109.0249825,,197.2655029,246.2538986,356.6405945,2.903719544,15.22748411,81.86879635
300_346,AHND,2017,10,B,0,0,4.316597342,51.75999832,,68.32265854,,82.71458817,122.8045349,,221.5811386,289.6046753,392.7627563,0,4.316597342,95.68340266
300_347,AHND,2017,20,T,3.666830301,15.86945581,27.75065422,80.39999771,,9.745549202,,31.63808918,87.66311264,,146.0266953,165.3451385,187.1092682,3.666830301,24.08382392,72.24934578
300_348,AHND,2017,20,T,3.90007782,17.13935184,30.17952824,82.79499817,,8.805431366,,27.67261696,84.34343719,,141.6419907,160.0390472,179.8371201,3.90007782,26.27945042,69.82047176
300_349,AHND,2017,20,T,4.73275423,17.70975971,29.65580559,82.63499832,,7.149106979,,26.0577383,85.00680923,,141.7968216,160.0545044,179.7571411,4.73275423,24.92305136,70.34419441
300_350,AHND,2017,20,T,4.201179028,17.22151947,28.12049007,79.57500076,,8.024878263,,27.1746254,88.19205475,,147.5764542,167.8303528,191.8980026,4.201179028,23.91931105,71.87950993
300_351,AHND,2017,20,B,4.020186424,16.1973381,27.16593933,79.79999924,,8.79690361,,30.84209061,88.43427658,,147.3714676,167.0836105,189.5275116,4.020186424,23.14575291,72.83406067
300_352,AHND,2017,20,B,3.956494093,15.96306229,26.47405815,79.68999863,,8.946139812,,32.31707573,89.01916122,,147.1607437,166.4515915,188.5009308,3.956494093,22.51756406,73.52594185
300_353,AHND,2017,20,B,3.819009066,15.32139969,25.51439857,79.41999817,,9.626746178,,35.82162571,89.74119949,,147.4550247,166.5871353,188.3164063,3.819009066,21.69538951,74.48560143
300_354,AHND,2017,20,B,4.726394176,19.29533863,31.423419,82.42500305,,6.734796524,,22.74778366,84.04072571,,142.558075,161.1499863,180.9931335,4.726394176,26.69702482,68.576581
300_355,ABUR,2017,10,T,0,0,2.206472218,47.90999985,,75.76235199,,89.99953842,127.3251114,,197.1030121,222.7911224,250.8655243,0,2.206472218,97.79352778
300_356,ABUR,2017,10,T,0,0,2.435758233,47.38999939,,75.07118225,,89.65906906,127.9142418,,198.3543549,225.8801117,256.5677185,0,2.435758233,97.56424177
300_357,ABUR,2017,10,T,0.454752177,8.094926357,14.51208448,55.90499878,,27.20508957,,66.90948296,117.7152252,,190.3299637,215.5763474,243.5920715,0.454752177,14.05733231,85.48791552
300_358,ABUR,2017,10,T,0,0,1.354227483,45.01499939,,79.05922318,,92.93858337,130.451889,,199.7161484,226.926239,256.9786682,0,1.354227483,98.64577252
300_359,ABUR,2017,10,B,1.62646924,9.613862514,15.12943935,57.45000076,,20.98188591,,64.71925354,115.9904022,,188.378685,211.8985519,238.6848602,1.62646924,13.50297011,84.87056065
300_360,ABUR,2017,10,B,0,0,2.70399344,47.46999931,,74.51832199,,89.3376503,127.8383064,,198.5343704,226.1800461,257.3289185,0,2.70399344,97.29600656
300_361,ABUR,2017,10,B,0,0,2.272743046,44.77999878,,76.62701416,,91.66914749,130.9473495,,204.5858078,233.3384628,269.6638794,0,2.272743046,97.72725695
300_362,ABUR,2017,10,B,0,0,2.718281746,47.56999969,,74.3866806,,89.18053436,127.7310333,,198.7140121,226.5774384,258.1517944,0,2.718281746,97.28171825
300_363,ABUR,2017,20,T,3.82467258,16.31048489,33.51689529,87.20499802,,9.502897739,,30.02392197,78.01867676,,132.2362747,150.5035934,171.3111572,3.82467258,29.69222271,66.48310471
300_364,ABUR,2017,20,T,3.78563869,15.57143068,31.73431778,85.70999908,,9.740032196,,32.71803665,80.0848732,,135.8295822,154.5594025,175.1978989,3.78563869,27.94867909,68.26568222
300_365,ABUR,2017,20,T,4.173280716,19.07070446,38.05611801,87.80999756,,7.811410666,,24.0110321,74.43199539,,130.915596,149.8683014,171.203125,4.173280716,33.8828373,61.94388199
300_366,ABUR,2017,20,T,3.816605806,15.21206951,30.30250835,85.06999969,,9.77241993,,34.60806847,81.55388641,,137.0938263,155.7387772,176.1684875,3.816605806,26.48590255,69.69749165
300_367,ABUR,2017,20,B,5.052871227,21.06025982,38.26189804,86.82500076,,6.08328414,,20.19206429,75.20806122,,133.532135,152.5947266,173.8015747,5.052871227,33.20902681,61.73810196
300_368,ABUR,2017,20,B,4.200370312,17.96972656,32.60465908,83.49999619,,7.881761789,,25.5952282,81.30207825,,141.2793579,161.4160995,183.7117691,4.200370312,28.40428877,67.39534092
300_369,ABUR,2017,20,B,4.418045521,18.44325161,34.0622673,84.77499771,,7.422023535,,24.64647198,79.55690002,,138.1050568,157.2048569,177.7823105,4.418045521,29.64422178,65.9377327
300_370,ABUR,2017,20,B,4.040487528,16.72762489,29.7778244,80.33499908,,8.403554916,,28.52723312,85.40762711,,147.8104324,169.5107803,196.0295181,4.040487528,25.73733687,70.2221756
300_371,MOHK,2017,10,T,13.51292467,69.45538712,98.319664,100,,2.473714113,,4.530424595,15.42419815,,47.14343452,53.93050385,61.33958244,13.51292467,84.80673933,1.680335999
300_372,MOHK,2017,10,T,14.19609737,65.54652786,92.06353378,100,,2.346331596,,4.34832716,16.05128527,,59.01113319,68.79104996,78.56807709,14.19609737,77.86743641,7.936466217
300_373,MOHK,2017,10,T,13.86267424,64.46490479,90.99289703,99.90499878,,2.412402987,,4.460514545,17.4004159,,61.14693642,73.16872406,86.07299423,13.86267424,77.1302228,9.007102966
300_374,MOHK,2017,10,T,8.098015547,35.70533371,48.07537079,54.42499924,,3.477240443,,8.115259647,99.60300827,,400.4350586,455.2762604,492.4549713,8.098015547,39.97735524,51.92462921
300_375,MOHK,2017,10,B,2.251761317,7.700681448,11.12228775,29.19999981,,26.36759567,,91.40688705,169.3966446,,379.9540863,439.6724701,485.6917572,2.251761317,8.870526433,88.87771225
300_376,MOHK,2017,10,B,0,0,0.403249398,20.60000038,,98.22276688,,116.708786,173.6452789,,357.6210785,418.5957947,476.1762848,0,0.403249398,99.5967506
300_377,MOHK,2017,10,B,0,0,0.711108595,24.35000038,,93.24336624,,111.5432167,164.7537766,,334.930603,398.0399017,466.2072144,0,0.711108595,99.2888914
300_378,MOHK,2017,10,B,0,0,0.594557822,21.23499966,,96.4280777,,115.4962387,173.723114,,361.9263458,422.9455719,478.1831665,0,0.594557822,99.40544218
300_379,MOHK,2017,20,T,4.548711777,20.13323879,33.316185,72.45999908,,6.711122513,,20.88664818,87.31241608,,195.4483871,284.5166626,396.164505,4.548711777,28.76747322,66.683815
300_380,MOHK,2017,20,T,3.46605432,14.24056578,22.30142307,55.77999878,,9.87411499,,40.10825157,113.7809601,,339.0929718,410.0822754,472.3686218,3.46605432,18.83536875,77.69857693
300_381,MOHK,2017,20,T,3.651054144,14.86928225,23.50029659,62.09499931,,9.358987331,,36.6358223,105.2374496,,239.1897125,329.0883179,421.9876099,3.651054144,19.84924245,76.49970341
300_382,MOHK,2017,20,T,3.494702816,15.25016832,25.16843128,64.21499825,,9.617187023,,34.22770882,101.6912613,,230.4166336,319.4451294,416.2058868,3.494702816,21.67372847,74.83156872
300_383,MOHK,2017,20,B,19.74687576,81.60575485,98.4930954,100,,2.001686931,,3.293747425,10.91987753,,41.96088219,50.78819275,59.98429298,19.74687576,78.74621964,1.506904602
300_384,MOHK,2017,20,B,23.52750111,86.79822159,99.71272659,100,,1.827108383,,2.884784818,9.293996334,,35.41742706,43.66914177,51.29781914,23.52750111,76.18522549,0.287273407
300_385,MOHK,2017,20,B,14.61118889,65.44859123,88.85355759,99.20000076,,2.29101634,,4.250183821,16.71242237,,66.68357086,84.04586792,103.4066505,14.61118889,74.2423687,11.14644241
300_386,MOHK,2017,20,B,3.252017736,13.86442709,22.29567528,57.96499825,,10.88417959,,41.88222313,110.5424576,,319.2166595,396.5377808,465.3677063,3.252017736,19.04365754,77.70432472
300_387,GOLB,2017,10,T,0,0,6.205732346,43.78499985,,63.95084381,,79.09290695,138.751091,,381.0619659,441.5507813,486.5107574,0,6.205732346,93.79426765
300_388,GOLB,2017,10,T,0,0,7.505692244,50.07999992,,61.38702393,,75.47159958,124.9528694,,343.0654144,411.9083405,473.2111816,0,7.505692244,92.49430776
300_389,GOLB,2017,10,T,0,0,7.894194841,49.20499992,,60.56162834,,75.17868042,126.4988327,,344.3802795,412.343277,473.4416656,0,7.894194841,92.10580516
300_390,GOLB,2017,10,T,0,0,8.413173199,52.28499985,,59.75260162,,73.47725296,121.0175209,,338.0806274,407.8837738,471.3346863,0,8.413173199,91.5868268
300_391,GOLB,2017,10,B,0.329432666,6.006217003,12.40433931,44.67500114,,40.98435402,,70.47040558,137.1648941,,373.5508423,435.6340637,483.8965912,0.329432666,12.07490665,87.59566069
300_392,GOLB,2017,10,B,2.230816364,8.982827187,15.80004501,48.78499985,,21.21004963,,62.78276062,128.0458717,,364.9799652,429.2794952,481.0604858,2.230816364,13.56922865,84.19995499
300_393,GOLB,2017,10,B,0.338099375,6.274557829,13.30106735,47.31499863,,38.79099464,,67.70544052,131.178093,,374.9555054,436.9358978,484.4902496,0.338099375,12.96296798,86.69893265
300_394,GOLB,2017,10,B,2.3767699,9.587399006,15.92855453,42.5,,19.33778763,,62.57088661,144.6956482,,382.7755737,442.5236206,486.9582367,2.3767699,13.55178463,84.07144547
300_395,GOLB,2017,20,T,3.052235365,11.85637188,19.7394886,55.56999969,,13.20565891,,52.40161514,115.4145813,,229.03862,287.5413971,378.2988281,3.052235365,16.68725324,80.2605114
300_396,GOLB,2017,20,T,3.321238518,12.93207693,21.2144804,54.78999901,,11.17529154,,46.88879013,116.3874817,,231.4250488,288.5701904,377.6410217,3.321238518,17.89324188,78.7855196
300_397,GOLB,2017,20,T,3.057235718,11.96716118,19.67287064,52.24500084,,12.82968903,,51.29257011,120.9184151,,238.3703842,297.5211182,387.4567871,3.057235718,16.61563492,80.32712936
300_398,GOLB,2017,20,T,3.090827107,11.80636358,19.2238884,50.46499825,,12.85747576,,52.2746563,124.1320915,,241.5747986,301.3508606,389.5500641,3.090827107,16.13306129,80.7761116
300_399,GOLB,2017,20,B,2.924939275,12.21284246,20.30352592,51.07999992,,12.89529085,,48.93958092,122.9476051,,243.4694214,307.3576813,394.3607788,2.924939275,17.37858665,79.69647408
300_400,GOLB,2017,20,B,2.985882521,11.23209429,18.37969589,49.88999939,,14.07525206,,54.89302635,125.1601639,,240.3355484,298.8961334,385.7083282,2.985882521,15.39381337,81.62030411
300_401,GOLB,2017,20,B,2.716969132,11.2302804,18.5542345,48.17500114,,14.09260225,,54.05270195,128.2586212,,245.8125381,306.5728149,391.896347,2.716969132,15.83726537,81.4457655
300_402,GOLB,2017,20,B,3.195030451,12.22814703,19.94981194,50.71499825,,12.21866941,,49.66725731,123.6336632,,241.9124603,303.8641205,388.4502258,3.195030451,16.75478148,80.05018806
300_403,MICR,2017,10,T,11.53208447,56.98460007,80.30200195,94.57499695,,2.71692729,,5.360521078,23.39875126,,95.74162674,139.1797867,200.2325745,11.53208447,68.76991749,19.69799805
300_404,MICR,2017,10,T,1.994403899,7.66024065,12.48959494,19.625,,26.93053246,,87.50535965,384.4900818,,726.019928,841.4701843,980.2337341,1.994403899,10.49519104,87.51040506
300_405,MICR,2017,10,T,1.397074938,6.156266451,11.81215334,22.41499996,,37.39892006,,82.76314163,276.2006226,,448.8596497,482.6607819,520.616333,1.397074938,10.4150784,88.18784666
300_406,MICR,2017,10,T,10.47596979,57.34498024,83.89986801,98.52999878,,2.852719784,,5.953152657,23.77636242,,77.40467453,97.10756683,119.3109283,10.47596979,73.42389822,16.10013199
300_407,MICR,2017,10,B,7.752089262,49.47385788,74.18019485,92.19999695,,3.59576261,,7.819708347,31.47456932,,112.4186783,169.5457344,272.2042313,7.752089262,66.42810559,25.81980515
300_408,MICR,2017,10,B,1.76516974,7.715050697,12.53928757,21.67500019,,26.61868191,,85.70547485,275.2495117,,448.5705109,482.4951782,520.2393494,1.76516974,10.77411783,87.46071243
300_409,MICR,2017,10,B,3.954839349,20.21243286,36.93087006,55.89999962,,7.705542088,,21.68734837,93.40220642,,402.313324,456.6650085,493.0886993,3.954839349,32.97603071,63.06912994
300_410,MICR,2017,10,B,3.356681228,15.63095331,28.99589443,46.125,,10.42418337,,32.23963642,163.8778076,,423.1731567,468.6147461,498.9289093,3.356681228,25.6392132,71.00410557
300_411,MICR,2017,20,T,19.14391136,85.22454834,99.69076157,100,,2.032022238,,3.367653728,10.30337381,,36.9713726,44.600914,51.86794472,19.14391136,80.5468502,0.309238434
300_412,MICR,2017,20,T,4.329703808,17.37419987,22.87093353,33.00499916,,6.66938448,,24.07521629,190.8218536,,413.9964905,463.5246582,496.0445709,4.329703808,18.54122972,77.12906647
300_413,MICR,2017,20,T,7.320828915,27.87826061,36.0502739,45.38999939,,3.748826861,,10.04428101,145.8148727,,393.7326508,450.7645569,490.5423584,7.320828915,28.72944498,63.9497261
300_414,MICR,2017,20,T,5.695691347,23.64836788,30.48236847,39.125,,4.79441905,,12.69887209,173.9147415,,407.8142853,460.045578,494.5618896,5.695691347,24.78667712,69.51763153
300_415,MICR,2017,20,B,10.91486979,42.72416306,54.55027199,62.21999931,,2.757581353,,5.930166006,47.50302315,,349.266922,415.9346771,474.9387665,10.91486979,43.6354022,45.44972801
300_416,MICR,2017,20,B,11.82601118,49.02092552,62.31320572,70.40499878,,2.664509177,,5.254414082,32.65946484,,310.8251495,389.7013702,460.1477661,11.82601118,50.48719454,37.68679428
300_417,MICR,2017,20,B,7.622563601,29.54663563,37.87545586,47.06499863,,3.606606007,,9.161324024,137.9760437,,387.2265015,445.6890869,488.3284302,7.622563601,30.25289226,62.12454414
300_418,MICR,2017,20,B,11.43919325,44.25325394,56.26197433,64.28499985,,2.662942767,,5.545778513,42.36351204,,337.6043854,406.9030457,470.5687714,11.43919325,44.82278109,43.73802567
200_419,GOSL,2017,,T,0,0,1.073226213,5.36500001,,148.0013733,,222.0434875,332.7406921,,468.8479767,493.3070984,543.324646,0,1.073226213,98.92677379
200_420,GOSL,2017,,B,0,0,0.683512121,4.220000029,,164.7055054,,226.1241379,332.9790344,,468.9056549,493.3348389,543.379425,0,0.683512121,99.31648788
200_421,GOSL,2017,,T,2.217817545,9.741693974,14.51288176,30.09000015,,17.50349522,,75.78540039,168.2414017,,365.2124939,426.1230774,479.6278076,2.217817545,12.29506421,85.48711824
200_422,GOSL,2017,,B,3.419012547,19.09234524,28.15019798,48.62999916,,8.273652077,,22.60330391,128.1666565,,319.9229431,391.6911163,462.0547028,3.419012547,24.73118544,71.84980202
200_423,GOSL,2017,,T,13.52849817,53.81970215,77.03807831,95.22999954,,2.349839807,,4.664854765,26.27724934,,97.88875198,123.2559738,150.9854889,13.52849817,63.50958014,22.96192169
200_424,GOSL,2017,,B,14.92623234,61.2865181,85.38431931,98.34000015,,2.236680031,,4.186444998,19.14323997,,75.51616287,95.29735184,117.2473106,14.92623234,70.45808697,14.61568069
200_425,GOSL,2017,,T,9.171025276,45.0333519,71.08005905,97.09500122,,3.095317483,,7.401693344,36.66801834,,96.3159256,113.674614,132.1657944,9.171025276,61.90903378,28.91994095
200_426,GOSL,2017,,B,8.106293678,40.72018433,65.03771591,93.31499863,,3.421907544,,8.322516918,42.6401062,,111.9976006,133.8923035,158.3630676,8.106293678,56.93142223,34.96228409
200_427,ABURE,2017,,T,0,0,0,0,,238.6590729,,277.7085419,409.1306152,,739.7350159,859.0559692,1002.487122,0,0,100
200_428,ABURE,2017,,B,0,0,0,0,,246.8500977,,293.2711945,453.5389252,,835.5052795,967.3191223,1125.791199,0,0,100
200_429,ABURE,2017,,T,0,0,0,3.174999952,,156.3694992,,201.8885345,315.8625488,,462.0592804,489.7054138,535.5705872,0,0,100
200_430,ABURE,2017,,B,0,0,1.009291708,4.605000019,,148.875679,,202.4231796,318.6745758,,463.2096252,490.3140411,536.8711548,0,1.009291708,98.99070829
200_431,ABURE,2017,,T,8.528598309,42.6261425,67.60865784,86.88499832,,3.281100035,,7.94287467,39.2790947,,161.3168793,286.5053711,396.4321136,8.528598309,59.08005953,32.39134216
200_432,ABURE,2017,,B,7.798866034,33.57913399,50.41342926,66.45000076,,3.516738892,,9.338367939,61.54181862,,350.8984528,418.4779968,476.21698,7.798866034,42.61456323,49.58657074
